Name,Team,PA,HR,FB%,HardHit%,EV,playerid
Mike Trout,LAA,5922,331,41.70%,45.50%,91.3,10155
Yordan Alvarez,HOU,1237,83,37.90%,54.70%,93.6,19556
Juan Soto,WSN,2310,112,32.10%,47.70%,91.6,20123
Fernando Tatis Jr.,SDP,1175,81,36.10%,53.50%,93.3,19709
Joey Votto,CIN,7116,283,34.20%,39.20%,89.3,4314
Aaron Judge,NYY,2764,185,37.80%,56.20%,95.3,15640
David Ortiz,BOS,4036,224,42.00%,48.40%,93.1,745
Jim Thome,- - -,850,48,34.10%,,,409
Paul Goldschmidt,- - -,6600,297,36.00%,45.10%,91.1,9218
Bryce Harper,- - -,5751,282,37.40%,45.30%,91.3,11579
Ronald Acuna Jr.,ATL,1952,112,39.80%,49.20%,91.5,18401
Miguel Cabrera,DET,6781,296,34.30%,48.50%,92.1,1744
Freddie Freeman,- - -,6966,279,35.20%,44.00%,90.5,5361
Giancarlo Stanton,- - -,5805,362,39.10%,50.30%,93.9,4949
Jose Bautista,- - -,5206,285,46.50%,42.20%,90.6,1887
Mookie Betts,- - -,4700,195,42.80%,42.20%,90.3,13611
Brendan Donovan,STL,184,1,19.40%,37.90%,86.9,24679
Kris Bryant,- - -,3911,167,42.70%,37.60%,87.8,15429
Troy Tulowitzki,- - -,3576,160,38.30%,39.10%,89.3,3531
Vladimir Guerrero Jr.,TOR,1749,89,33.50%,49.80%,92.9,19611
J.D. Martinez,- - -,5559,274,37.60%,47.90%,91.5,6184
Ryan Braun,MIL,5477,249,32.80%,44.00%,91.1,3410
Nelson Cruz,- - -,6887,401,39.30%,50.00%,93.2,2434
Alex Bregman,HOU,3101,126,43.10%,37.00%,88.8,17678
Adrian Beltre,- - -,5253,227,39.20%,38.00%,89,639
Pete Alonso,NYM,1871,126,42.80%,44.40%,90.6,19251
Josh Donaldson,- - -,5341,257,38.60%,48.00%,92.3,5038
Matt Holliday,- - -,4343,164,36.00%,44.60%,91.3,1873
Edwin Encarnacion,- - -,5945,345,45.50%,41.50%,89.8,2151
Prince Fielder,- - -,4049,159,36.10%,40.10%,90.2,4613
Josh Hamilton,- - -,2944,139,38.10%,39.20%,88.2,1875
Jim Edmonds,- - -,272,11,43.30%,,,1153
Nolan Arenado,- - -,5497,283,43.90%,38.30%,89.4,9777
Jesse Winker,- - -,1815,72,32.20%,41.40%,89.9,13590
Shohei Ohtani,LAA,1904,108,34.00%,49.00%,92.7,19755
Will Smith,LAD,1064,58,47.70%,43.20%,90.1,19197
Manny Ramirez,- - -,337,9,35.00%,,,210
George Springer,- - -,4178,209,35.60%,40.30%,89.3,12856
Jose Ramirez,CLE,4304,179,42.40%,34.90%,88.6,13510
Oscar Gonzalez,CLE,106,2,22.80%,45.60%,90.7,20970
Lance Berkman,- - -,1459,53,38.10%,,,548
Christian Yelich,- - -,5064,167,23.10%,48.50%,92.1,11477
Anthony Rizzo,- - -,6285,270,39.10%,38.50%,89.1,3473
Corey Seager,- - -,3000,119,34.20%,44.20%,90.6,13624
Jose Abreu,CHW,5120,237,33.50%,45.90%,91.3,15676
Nolan Gorman,STL,111,6,44.60%,44.60%,90.7,22263
Andrew McCutchen,- - -,7342,263,38.30%,40.80%,89.5,9847
Carlos Gonzalez,- - -,4918,217,34.30%,38.80%,89.4,7287
Rhys Hoskins,PHI,2504,131,49.50%,41.70%,89.9,16472
Kevin Youkilis,- - -,1579,57,40.20%,,,1935
Charlie Blackmon,COL,5613,202,35.50%,34.70%,87.4,7859
Brandon Nimmo,NYM,1971,51,32.00%,38.00%,89.2,12927
Anthony Rendon,- - -,4596,156,42.30%,41.30%,90.3,12861
Alejandro Kirk,TOR,434,17,35.30%,45.20%,91.6,22581
Luke Voit,- - -,1494,82,36.40%,44.50%,90.2,14811
Robinson Cano,- - -,6487,248,29.90%,45.30%,90.8,3269
Trea Turner,- - -,3326,112,33.30%,41.30%,89.7,16252
Rafael Devers,BOS,2642,128,36.20%,47.50%,92.3,17350
Paul Konerko,CHW,2612,113,40.10%,,,242
Bryan Reynolds,PIT,1678,59,32.70%,40.40%,89,19326
Kyle Tucker,HOU,1198,56,44.00%,44.00%,90.8,18345
Matt Olson,- - -,2683,152,43.40%,49.30%,92.4,14344
Carlos Quentin,- - -,1825,83,48.70%,,,6274
Buster Posey,SFG,5590,158,31.40%,37.60%,89.1,9166
Trevor Story,- - -,3410,169,45.00%,43.10%,90.5,12564
Max Muncy,- - -,2374,128,42.20%,41.70%,89.5,13301
Justin Turner,- - -,4858,155,39.00%,39.90%,90,5235
Brandon Lowe,TBR,1447,81,42.50%,43.00%,89.9,18882
Carlos Correa,- - -,3436,140,32.20%,41.90%,90,14162
Shin-Soo Choo,- - -,5882,181,29.40%,42.50%,90.3,3174
Jeff McNeil,NYM,1699,41,34.70%,33.20%,87.9,15362
David Wright,NYM,3206,102,39.00%,41.80%,90.4,3787
Matt Carpenter,- - -,5266,161,41.50%,38.50%,89.7,8090
Luis Gonzalez,- - -,193,3,36.00%,37.10%,87.7,20332
Josh Willingham,- - -,2464,108,46.50%,,,2103
Chipper Jones,ATL,1341,42,36.50%,,,97
Jose Altuve,HOU,6583,177,31.90%,32.30%,87,5417
Jayson Werth,- - -,4079,136,41.30%,42.30%,90.2,1327
Adrian Gonzalez,- - -,5108,180,35.40%,34.90%,88.3,1908
Tyler Stephenson,CIN,577,17,27.20%,37.30%,87.9,17988
Brandon Belt,SFG,4928,172,44.00%,37.90%,88.3,10264
Luis Robert,CHW,758,31,35.30%,42.90%,89.9,20043
Kyle Schwarber,- - -,2880,173,42.00%,47.60%,91.9,16478
Corey Hart,- - -,2099,95,40.00%,22.20%,81.1,1945
Yasiel Puig,- - -,3376,132,35.80%,38.70%,89.5,14225
Manny Machado,- - -,5914,263,39.40%,45.90%,91.3,11493
Michael Conforto,NYM,2980,132,37.60%,39.40%,89.1,16376
Ty France,- - -,1317,39,31.60%,38.20%,88.4,17982
Michael Cuddyer,- - -,2806,90,31.40%,30.80%,87.5,1534
Mike Napoli,- - -,4036,201,42.30%,39.50%,88.9,3057
Jonathan India,CIN,713,22,33.30%,37.10%,87.1,21523
Garrett Cooper,- - -,1133,35,25.10%,43.70%,90,15279
Bo Bichette,TOR,1337,56,31.20%,46.50%,91,19612
Sam Huff,TEX,108,4,22.90%,40.00%,88.8,22209
Ramon Castro,CHW,203,12,40.00%,,,514
Xander Bogaerts,BOS,5044,147,34.50%,37.80%,89.1,12161
Austin Riley,ATL,1465,77,38.80%,46.80%,90.8,18360
Mike Yastrzemski,SFG,1407,63,44.10%,41.40%,89.6,14854
Yoenis Cespedes,- - -,3490,165,43.60%,45.80%,91.4,13110
Willson Contreras,CHC,2633,107,31.90%,40.50%,89.3,11609
Aramis Ramirez,- - -,3161,122,43.90%,34.20%,87.4,1002
Tommy Pham,- - -,3057,107,28.50%,46.50%,91.4,2967
Pat Burrell,- - -,656,27,47.80%,,,949
Cody Bellinger,LAD,2690,142,43.60%,41.60%,90.2,15998
Jared Walsh,LAA,1046,52,32.40%,43.40%,90.1,18607
Jeremy Pena,HOU,211,9,37.80%,37.70%,89.1,21636
Matt Kemp,- - -,5182,226,36.10%,37.90%,88.7,5631
Justin Upton,- - -,6457,281,41.00%,42.50%,90,5222
Jack Cust,- - -,695,16,37.70%,,,1564
Ryan Zimmerman,WSN,4776,193,34.90%,48.40%,91.9,4220
Dustin Pedroia,BOS,4658,98,30.80%,25.50%,87.4,8370
Josh Bell,- - -,3056,124,31.40%,41.90%,90.4,13145
Mitch Haniger,- - -,2226,104,39.30%,41.80%,89.4,14274
Luis Arraez,MIN,1215,10,28.50%,28.00%,88,18568
Alex Rodriguez,NYY,2596,113,37.30%,41.80%,90.9,1274
Andre Ethier,LAD,3196,87,34.10%,32.10%,86.3,6265
Hanley Ramirez,- - -,4374,168,33.80%,41.60%,90,8001
Andruw Jones,- - -,819,46,44.80%,,,96
A.J. Pollock,- - -,3686,130,34.70%,40.60%,89.2,9256
Ian Happ,CHC,2071,95,36.20%,41.50%,89.7,17919
Carlos Santana,- - -,7260,263,39.20%,40.80%,89.8,2396
Bryan LaHair,CHC,449,18,36.30%,,,5462
Jose Martinez,- - -,1386,43,27.80%,42.00%,90.1,7996
Justin Morneau,- - -,2791,84,37.50%,37.20%,89.5,1737
Mitch Garver,- - -,1233,60,43.70%,45.60%,90.3,15161
Mark Teixeira,NYY,3391,167,41.90%,39.40%,89,1281
Francisco Lindor,- - -,4344,169,36.60%,38.40%,89.9,12916
Carlos Beltran,- - -,4154,162,39.60%,37.30%,89.4,589
Wilson Betemit,- - -,1060,33,38.60%,,,1861
Billy Butler,- - -,4176,107,30.80%,40.60%,89.7,7399
Jeremy Hazelbaker,- - -,285,14,35.90%,32.80%,87.8,9399
Teoscar Hernandez,- - -,2183,115,39.90%,45.50%,91.6,13066
Michael Brantley,- - -,5959,127,29.90%,38.10%,89.3,4106
William Contreras,ATL,317,17,31.90%,44.80%,91.3,20503
Yasmani Grandal,- - -,4062,174,38.40%,42.40%,90.3,11368
Michael Morse,- - -,2421,99,31.70%,39.60%,90.6,3035
Alek Thomas,ARI,157,6,27.00%,40.00%,87.6,23792
Ryan Mountcastle,BAL,976,50,39.70%,43.10%,89.8,18373
Kyle Lewis,SEA,480,24,38.00%,36.90%,89.2,19508
Starling Marte,- - -,5025,133,27.80%,35.80%,87.3,9241
Randy Arozarena,- - -,981,35,31.80%,41.20%,89.9,19290
Joe Mauer,MIN,4966,71,23.10%,42.80%,90.2,1857
Joey Gallo,- - -,2605,167,50.50%,48.90%,92.6,14128
Miguel Sano,MIN,2853,162,42.80%,51.50%,93.1,12164
C.J. Cron,- - -,3433,163,39.60%,39.60%,88.9,12546
David Peralta,ARI,3642,106,28.90%,40.90%,90,2136
Nick Swisher,- - -,3189,112,39.50%,29.20%,86.8,4599
Connor Joe,- - -,518,13,34.30%,34.30%,85.9,16572
Vladimir Guerrero,- - -,1233,42,34.70%,,,778
Jung Ho Kang,PIT,1028,46,32.70%,43.70%,90.7,17182
Ji-Man Choi,- - -,1490,56,35.50%,43.50%,90.9,5452
Ryan Schimpf,- - -,534,35,64.50%,38.50%,88.6,9953
Joc Pederson,- - -,3199,164,40.80%,44.90%,91.5,11899
Nick Castellanos,- - -,4767,175,38.10%,40.70%,89.2,11737
Travis Hafner,- - -,1392,50,39.00%,,,1573
Victor Martinez,- - -,4480,135,37.10%,35.10%,88.6,393
Lane Adams,- - -,154,7,34.40%,37.40%,85,10767
Khris Davis,- - -,3804,221,41.40%,45.90%,91.3,9112
Dexter Fowler,- - -,5357,123,35.70%,31.30%,86.9,4062
Daniel Murphy,- - -,5048,124,34.70%,36.00%,88.8,4316
Trey Mancini,BAL,2803,114,31.00%,41.90%,89.5,15149
Austin Meadows,- - -,1672,70,46.70%,40.30%,89.5,15672
Curtis Granderson,- - -,5410,242,44.80%,35.40%,88.5,4747
Luke Scott,- - -,1388,59,40.90%,,,3469
Corey Dickerson,- - -,3595,130,36.60%,34.00%,87.8,10762
Ketel Marte,- - -,2999,74,31.40%,36.20%,88.8,13613
Marcus Thames,- - -,307,14,52.00%,,,1523
Ben Zobrist,- - -,5707,125,33.70%,34.30%,88.5,7435
Christopher Morel,CHC,156,5,28.90%,40.80%,89.8,21897
Josmil Pinto,- - -,286,11,39.00%,0.00%,91.2,6806
Eloy Jimenez,CHW,1000,56,31.30%,49.10%,91.3,17484
Eugenio Suarez,- - -,4305,206,40.60%,37.20%,88.5,12552
Steve Pearce,- - -,2177,83,41.40%,36.40%,88.2,9957
Lourdes Gurriel Jr.,TOR,1614,67,36.40%,45.20%,90.4,19238
Derrek Lee,- - -,1103,38,40.00%,,,525
Darin Ruf,- - -,1473,62,35.90%,45.70%,90.7,9929
Jake Cronenworth,SDP,1152,32,37.40%,35.80%,88.5,18036
Torii Hunter,- - -,3684,118,31.50%,34.70%,88.5,731
Aubrey Huff,SFG,1342,39,37.90%,,,1213
Frank Schwindel,- - -,519,22,38.20%,36.70%,87.3,15351
Jake Burger,CHW,213,9,40.30%,47.70%,92.2,22275
David Freese,- - -,4195,112,25.10%,43.90%,89.9,9549
Juan Yepez,STL,155,6,44.50%,32.70%,88,18400
Patrick Wisdom,- - -,728,46,47.70%,50.10%,91.6,13602
Matt Chapman,- - -,2639,120,45.90%,45.90%,91.8,16505
Gleyber Torres,NYY,2002,87,41.50%,37.90%,88.9,16997
Hunter Pence,- - -,5233,177,32.00%,38.90%,89.8,8252
Todd Helton,COL,1689,44,39.50%,,,432
Franmil Reyes,- - -,1694,96,33.80%,49.00%,92.7,14566
Evan Longoria,- - -,6606,262,41.10%,39.70%,89.6,9368
J.D. Davis,- - -,1233,40,28.00%,47.00%,90.9,16219
John Jaso,- - -,2581,55,34.40%,32.80%,87.2,5887
Domingo Santana,- - -,1919,77,28.20%,41.00%,89.4,10348
Tyler O'Neill,STL,1172,59,40.40%,45.60%,91,15711
Jesus Aguilar,- - -,2291,102,41.10%,39.60%,89.2,11342
Lucas Duda,- - -,3581,156,46.70%,42.00%,90.6,2502
Marcell Ozuna,- - -,4621,186,35.20%,45.30%,91.2,10324
Jorge Soler,- - -,2859,134,39.40%,44.60%,91.3,14221
Justin Bour,- - -,1950,92,35.00%,42.00%,90,9744
Mark Canha,- - -,2722,94,39.50%,36.40%,88.3,11445
Seth Smith,- - -,3566,107,36.70%,41.10%,89.7,7331
Ramon Laureano,OAK,1419,51,35.50%,39.50%,89,17128
Eric Thames,- - -,2112,96,41.10%,41.90%,89.6,3711
Mike Sweeney,- - -,168,8,45.00%,,,634
Rickie Weeks Jr.,- - -,3043,101,35.20%,38.90%,89.5,1849
Jorge Posada,NYY,838,32,37.80%,,,841
Russell Branyan,- - -,574,30,51.70%,,,370
Albert Pujols,- - -,6740,317,39.50%,39.60%,89.9,1177
DJ LeMahieu,- - -,5608,101,23.50%,43.60%,90.8,9874
Andy Young,ARI,138,7,34.90%,44.40%,88.1,19521
Andrew Benintendi,- - -,2925,71,38.20%,36.20%,88.6,17901
Brandon Moss,- - -,2805,145,48.50%,40.00%,89,4467
Gary Sanchez,- - -,2417,146,42.80%,43.90%,90.8,11442
Allen Craig,- - -,2013,59,30.30%,22.60%,84.9,3433
Adam Lind,- - -,3650,143,36.00%,40.30%,90.4,8027
Scott Rolen,CIN,1136,33,41.50%,,,970
Yuli Gurriel,HOU,2971,91,38.10%,38.70%,89.3,19198
Taylor Ward,LAA,737,26,38.90%,40.70%,89.3,17548
Adam Dunn,- - -,2911,146,45.10%,,,319
Alfonso Soriano,- - -,2535,122,47.20%,,,847
Seiya Suzuki,CHC,163,4,51.10%,40.20%,90.4,30116
Julio Rodriguez,SEA,289,9,32.00%,47.00%,91.2,23697
Andrew Toles,LAD,249,8,30.20%,32.80%,87.7,13414
Ozzie Albies,ATL,2703,98,41.90%,31.90%,88.1,16556
Adam Eaton,- - -,3910,66,28.30%,33.50%,88.3,11205
Chris Taylor,- - -,2951,85,37.50%,36.50%,87.8,13757
LaMonte Wade Jr.,- - -,526,21,42.10%,41.20%,89.8,18126
Brian Anderson,MIA,1901,51,31.60%,42.20%,89.3,18289
Adam Jones,- - -,6336,251,35.50%,32.70%,87.7,6368
Justin Ruggiano,- - -,1383,51,38.80%,37.30%,89.7,7620
Wander Franco,TBR,498,11,31.90%,38.30%,88.5,23667
Wilin Rosario,COL,1601,71,33.30%,33.90%,88.3,8002
Gregg Zaun,MIL,117,2,33.00%,,,580
Austin Hays,BAL,1076,41,36.60%,38.80%,88.7,19363
Edwin Rios,LAD,291,20,40.50%,47.00%,90.9,18316
Neil Walker,- - -,5112,149,37.80%,34.20%,87.8,7539
Yandy Diaz,- - -,1571,33,27.20%,42.50%,90.7,16578
Alex Dickerson,- - -,1001,40,40.90%,40.30%,89,12649
Yoan Moncada,- - -,2420,73,34.90%,41.70%,90.6,17232
Jorge Polanco,MIN,2991,89,42.20%,31.40%,87.3,13152
Matt Joyce,- - -,4041,134,41.20%,33.30%,87.5,3353
T.J. Rivera,NYM,344,8,37.70%,26.40%,84.8,12495
Scooter Gennett,- - -,2911,87,34.70%,28.80%,86.5,10339
Howie Kendrick,- - -,5024,105,23.20%,41.90%,90.1,4229
Jay Bruce,- - -,5803,276,43.70%,37.90%,89,9892
Christian Villanueva,SDP,416,24,46.30%,30.00%,86.6,11738
Troy Glaus,ATL,483,16,44.60%,,,15
Nathaniel Lowe,- - -,1140,38,28.90%,44.00%,90.5,19566
Willy Adames,- - -,1876,78,35.50%,38.90%,88.8,15986
Shane Victorino,- - -,2769,64,37.50%,17.90%,83.4,1677
Nick Maton,PHI,138,3,37.30%,34.10%,87.7,21635
Chris Carter,- - -,2853,158,49.40%,45.00%,91.3,9911
J.T. Realmuto,- - -,3735,116,34.60%,38.60%,89,11739
Michael Young,- - -,2623,48,27.30%,,,1286
Carlos Ruiz,- - -,2810,49,34.50%,27.50%,86.4,2579
Jacoby Ellsbury,- - -,3946,84,31.70%,28.60%,86.5,4727
Cavan Biggio,TOR,1088,32,42.80%,34.90%,88.5,19252
Francisco Cervelli,- - -,2512,40,31.70%,34.50%,87.8,5275
Ian Kinsler,- - -,6036,174,43.00%,27.90%,86.1,6195
Jarrett Parker,- - -,397,15,32.30%,34.40%,87.4,11624
Tyler Naquin,- - -,1627,55,31.90%,41.30%,90.2,13359
Eric Chavez,- - -,946,31,35.50%,,,906
Jordan Luplow,- - -,863,44,46.00%,32.10%,87.3,16424
Brian Dozier,- - -,4900,192,43.40%,32.90%,87.6,9810
Nick Markakis,- - -,6661,112,31.70%,39.20%,89.7,5930
Derek Dietrich,- - -,2513,84,39.50%,33.90%,86.6,10542
Chris Davis,- - -,4894,257,41.00%,43.00%,90.4,9272
Kendrys Morales,- - -,4328,167,33.10%,48.20%,92,8610
Eric Hosmer,- - -,6724,194,25.50%,42.30%,90.1,3516
Adam LaRoche,- - -,3099,119,42.00%,35.90%,89.6,1904
Mark Reynolds,- - -,4554,209,42.90%,36.10%,87.8,7619
Melky Cabrera,- - -,5379,108,30.40%,35.30%,89.2,4022
Kosuke Fukudome,- - -,1083,21,31.60%,,,3263
Wil Myers,- - -,3997,147,36.10%,41.40%,89.3,10047
Magglio Ordonez,DET,722,17,29.00%,,,248
MJ Melendez,KCR,168,6,40.70%,38.90%,89.9,22197
Hunter Renfroe,- - -,2378,141,45.10%,40.70%,89.5,15464
David Dahl,- - -,1240,42,34.30%,36.10%,88.2,13744
Christian Walker,- - -,1670,71,40.10%,45.50%,90.1,13419
Todd Frazier,- - -,4949,218,43.90%,35.60%,88.8,785
Andrew Vaughn,CHW,686,22,35.60%,47.30%,91.1,26197
Daniel Nava,- - -,1977,29,36.90%,31.80%,87.6,5450
Evan Gattis,- - -,2662,139,42.30%,36.20%,88.5,11003
Jason Rogers,- - -,212,4,28.90%,44.80%,90.3,11773
Bobby Abreu,- - -,1664,32,32.50%,,,945
Marlon Byrd,- - -,3154,99,34.20%,32.30%,86.5,950
Cedric Mullins II,BAL,1397,43,40.70%,35.50%,89,17929
Jake Meyers,HOU,163,6,33.00%,36.40%,89.5,20308
Ryan Howard,PHI,3386,160,37.60%,46.10%,91.6,2154
Nick Evans,- - -,254,7,34.10%,,,7595
Jack Suwinski,PIT,177,11,39.00%,39.00%,88.7,22244
Kyle Seager,SEA,6204,242,44.60%,38.00%,89.4,9785
Ke'Bryan Hayes,PIT,759,14,28.00%,48.10%,91.1,18577
George Kottaras,- - -,746,31,38.40%,,,5506
Ben Paulsen,COL,517,16,32.80%,32.80%,87.9,9741
Carl Crawford,- - -,2446,51,31.40%,35.20%,88.6,1201
David Murphy,- - -,2761,69,34.50%,35.20%,88.3,6035
Stephen Piscotty,- - -,2710,89,34.40%,38.10%,88.2,13367
Tim Anderson,CHW,3122,96,27.10%,35.10%,87.4,15172
Alex Gordon,KCR,5889,153,35.40%,35.50%,87.6,5209
Jonny Gomes,- - -,2225,76,49.30%,32.70%,88.1,1845
Keston Hiura,MIL,906,42,38.10%,44.50%,90.3,20003
Marco Scutaro,- - -,2383,27,35.10%,,,1555
Alex Verdugo,- - -,1580,37,29.00%,39.30%,89.1,17027
Brett Gardner,NYY,6189,136,33.10%,31.30%,87.4,9927
Dan Uggla,- - -,2811,114,44.40%,43.20%,89.8,3442
Jay Gibbons,LAD,142,6,43.30%,,,141
Nick Johnson,- - -,200,6,38.20%,,,828
Jason Heyward,- - -,6261,159,32.40%,35.50%,88,4940
Jonathan Lucroy,- - -,4591,108,34.70%,30.30%,87,7870
Chase Utley,- - -,4050,98,38.40%,32.30%,87.7,1679
Matt Adams,- - -,2614,118,42.30%,40.10%,88.9,9393
Bobby Dalbec,BOS,740,38,43.40%,46.90%,91.5,19966
Ike Davis,- - -,2392,81,37.60%,39.20%,87.7,8433
Miguel Andujar,NYY,933,34,35.90%,35.90%,88.2,15878
Gaby Sanchez,- - -,2240,59,44.10%,,,3361
Byron Buxton,MIN,1976,89,43.00%,37.60%,89.8,14161
Marcus Semien,- - -,4640,167,42.00%,34.10%,87.8,12533
Lorenzo Cain,- - -,4758,87,28.70%,37.70%,89.2,9077
Mitch Moreland,- - -,4536,186,37.30%,42.30%,90.5,3086
Brian McCann,- - -,4478,191,43.80%,34.20%,88.5,4810
Caleb Gindl,MIL,178,5,39.30%,,,5002
Nori Aoki,- - -,3044,33,22.30%,22.70%,86.3,13075
Jason Giambi,- - -,773,31,48.20%,,,818
Jhonny Peralta,- - -,3863,106,37.80%,33.40%,87.8,1738
Chase Headley,- - -,4760,109,32.20%,32.50%,87,4720
Tres Barrera,WSN,109,2,26.80%,23.90%,81.6,19977
Austin Slater,SFG,1070,31,24.20%,40.50%,87.8,16153
Pedro Alvarez,- - -,3321,162,34.90%,47.80%,92.1,2495
Jose Reyes,- - -,4589,82,37.00%,22.50%,84.7,1736
Andy Dirks,DET,1063,24,37.50%,,,6453
Alex Avila,- - -,3566,100,32.30%,47.10%,90.5,7476
Mark Trumbo,- - -,4419,218,39.30%,42.70%,91.7,6876
Omar Narvaez,- - -,1939,49,36.20%,23.20%,84.6,13338
Nick Martini,- - -,333,2,25.20%,37.90%,88.1,12005
Scott Van Slyke,LAD,869,29,43.00%,33.50%,87.4,4365
Joey Butler,- - -,297,8,19.70%,39.40%,90.1,7799
Ramon Hernandez,- - -,931,27,28.10%,,,918
Steven Kwan,CLE,212,1,36.30%,22.20%,84.8,24610
Eddie Rosario,- - -,3291,133,40.70%,33.40%,88,12155
Jason Kipnis,- - -,4984,126,35.80%,35.10%,88.2,9776
Carlos Gomez,- - -,4125,133,40.10%,32.50%,87.9,4881
Rowdy Tellez,- - -,1194,55,38.30%,44.00%,90.9,15679
Clint Frazier,- - -,852,29,39.00%,39.00%,88.2,15983
Kyle Garlick,- - -,252,14,44.70%,44.70%,90.4,18063
Yasmany Tomas,ARI,1175,48,28.50%,41.60%,90.3,17171
Mike Brosseau,- - -,487,19,41.00%,39.20%,88.8,19683
Logan Morrison,- - -,3779,140,38.50%,39.70%,89.3,9205
Tommy La Stella,- - -,1830,40,33.10%,30.70%,88.2,12371
David DeJesus,- - -,2511,43,35.40%,26.50%,86.8,1825
Ramon Urias,BAL,511,14,26.60%,45.90%,90.3,18795
Miguel Montero,- - -,3405,95,35.40%,29.10%,86.9,3364
David Cooper,TOR,226,6,45.20%,,,7752
Asdrubal Cabrera,- - -,6216,180,38.60%,34.40%,88.7,4962
Colby Rasmus,- - -,3599,150,45.70%,36.80%,89,9893
Geovany Soto,- - -,1837,71,39.80%,38.20%,89.6,3707
Javier Baez,- - -,3487,155,34.20%,39.50%,89.6,12979
Jake Lamb,- - -,2485,91,36.10%,40.40%,89.7,13329
Chris Young,- - -,3414,120,48.90%,30.10%,85.9,3882
Freddy Sanchez,SFG,740,10,33.60%,,,1624
Chris Colabello,- - -,793,28,28.10%,42.50%,89.7,13051
Luis Guillorme,NYM,526,3,26.00%,27.50%,87.2,16451
Darnell McDonald,- - -,698,18,39.70%,,,1867
Santiago Espinal,TOR,579,7,34.60%,29.20%,86.2,19997
Aledmys Diaz,- - -,1967,65,37.90%,36.10%,88.2,15937
Mike Carp,- - -,935,26,33.30%,,,7480
Salvador Perez,KCR,4794,211,40.20%,42.90%,90,7304
Whit Merrifield,KCR,3696,71,35.80%,29.90%,87.2,11281
Jed Lowrie,- - -,4792,117,44.00%,36.30%,88.7,4418
Ryan McMahon,COL,1832,67,32.90%,44.40%,90.8,15112
Russell Martin,- - -,4322,142,32.20%,39.20%,89.2,4616
Robinson Chirinos,- - -,2372,93,43.40%,36.30%,87,3142
Brandon Guyer,- - -,1487,32,35.30%,27.80%,86.5,2636
Mauro Gomez,BOS,111,2,39.00%,,,5342
J.D. Drew,BOS,832,26,37.50%,,,1152
Travis Shaw,- - -,2690,114,43.60%,37.70%,88.7,11982
Chris Iannetta,- - -,3169,101,41.40%,40.20%,89.9,8267
Tyrone Taylor,MIL,530,22,43.00%,37.50%,88.3,13675
Lonnie Chisenhall,CLE,2360,64,40.70%,29.50%,86,7571
Max Kepler,MIN,3159,127,42.60%,39.30%,89.4,12144
Austin Nola,- - -,835,21,38.20%,40.80%,89.3,15941
Robbie Grossman,- - -,3631,75,37.40%,30.30%,87.2,5254
Kelly Johnson,- - -,3237,110,36.70%,33.50%,87.3,2234
Josh Reddick,- - -,4817,144,42.90%,30.10%,87,3892
Jason Kubel,- - -,2020,69,42.30%,,,2161
Johnny Damon,- - -,1484,28,37.60%,,,185
Jazz Chisholm Jr.,MIA,802,34,35.00%,42.00%,90,20454
Ryan Ludwick,- - -,2123,67,43.30%,,,1260
Devon Travis,TOR,1245,35,31.90%,34.50%,87.7,13862
Ryan Raburn,- - -,2065,69,40.10%,44.00%,89.5,2218
Daric Barton,OAK,1286,14,40.20%,,,5928
Justin Smoak,- - -,4750,196,41.90%,42.30%,90.2,9054
Lane Thomas,- - -,566,20,38.50%,43.70%,89.9,16939
Kole Calhoun,- - -,4618,169,36.40%,38.70%,88.9,11200
Cody Ross,- - -,2153,60,38.40%,31.30%,89.4,1760
Yadier Molina,STL,5964,138,33.70%,30.60%,87.4,7007
Odubel Herrera,PHI,3137,78,32.90%,33.80%,87.8,11476
Renato Nunez,- - -,1162,56,44.30%,38.40%,88.6,14503
Ryan Spilborghs,COL,611,13,31.10%,,,4521
Wilson Ramos,- - -,3786,136,25.90%,43.10%,90,1433
Denard Span,- - -,4869,57,27.50%,28.80%,86.3,8347
Brett Nicholas,TEX,110,4,38.30%,27.20%,86.1,11192
Wilmer Flores,- - -,3206,115,41.40%,30.30%,87.3,5827
Ryan McBroom,KCR,177,6,37.90%,33.00%,86.9,16524
Brian Goodwin,- - -,1395,50,40.20%,35.00%,88.3,12858
Kennys Vargas,MIN,859,35,33.50%,37.20%,87.9,12101
Jose Guillen,- - -,577,19,38.80%,,,57
Carlos Pena,- - -,2179,84,41.10%,,,934
Brandon Phillips,- - -,4988,117,32.40%,25.30%,85.7,791
Martin Prado,- - -,4993,86,30.10%,30.90%,88,3312
Randal Grichuk,- - -,3480,163,42.10%,42.10%,90,10243
Pablo Sandoval,- - -,4265,125,36.10%,38.20%,89.2,5409
Danny Valencia,- - -,3222,96,33.90%,40.90%,90.1,6364
Jason Varitek,BOS,373,18,46.30%,,,217
Tommy Medica,SDP,338,12,36.80%,,,11147
Ryan Doumit,- - -,1924,58,37.00%,,,2113
Garrett Jones,- - -,2786,99,40.60%,38.30%,89.1,2714
Daniel Vogelbach,- - -,1295,57,40.50%,42.20%,89.9,14130
Avisail Garcia,- - -,3980,132,28.50%,41.00%,89.6,5760
Ian Desmond,- - -,5855,177,29.60%,40.90%,90.2,6885
Austin Jackson,- - -,4653,65,31.00%,35.50%,88.6,9848
Raul Ibanez,- - -,2412,89,37.90%,,,607
Tommy Edman,STL,1576,34,31.80%,35.10%,87.6,19470
Scott Schebler,- - -,1413,61,33.10%,39.80%,89.4,12225
Hideki Matsui,- - -,1246,35,39.10%,,,1659
Casey Blake,LAD,810,21,36.20%,,,719
Dylan Carlson,STL,944,25,36.40%,30.10%,87.2,20126
Adam Frazier,- - -,2737,42,30.60%,25.90%,86.1,15223
Alejandro De Aza,- - -,2693,51,33.90%,24.90%,87.1,3371
Delmon Young,- - -,2520,71,35.40%,35.60%,88.1,2140
Jean Segura,- - -,5403,103,26.40%,33.50%,87.9,5933
Brett Lawrie,- - -,2417,71,35.30%,37.60%,89.6,5247
Tommy Joseph,PHI,880,43,41.50%,40.70%,89.5,10349
Hunter Dozier,KCR,1970,66,40.90%,40.60%,89.8,15117
Yonder Alonso,- - -,3773,100,35.40%,37.40%,88.3,2530
Jon Jay,- - -,4314,37,21.70%,22.20%,85.3,5227
Jon Berti,- - -,876,14,23.80%,37.90%,87.3,12037
Carlos Lee,- - -,1917,51,42.40%,,,243
Welington Castillo,- - -,2701,98,36.90%,40.00%,89.3,3256
Mike Moustakas,- - -,5088,199,44.60%,37.10%,88.8,4892
Tom Murphy,- - -,858,40,43.20%,39.80%,89.3,13499
Shelley Duncan,- - -,834,35,53.00%,,,3620
Alex Rios,- - -,3421,85,37.00%,31.20%,88.2,2090
Angel Pagan,- - -,3636,49,36.00%,21.90%,85.9,2918
Andres Gimenez,- - -,542,15,33.80%,33.40%,87.5,19950
Brad Miller,- - -,3379,122,36.40%,42.70%,90.7,12775
Michael McKenry,- - -,953,29,43.10%,36.40%,90.3,9628
Colin Moran,- - -,1681,49,29.50%,37.00%,88.9,16909
D.J. Stewart,BAL,622,26,45.40%,35.70%,88.1,17766
Dae-Ho Lee,SEA,317,14,25.20%,36.70%,87.5,18722
Hyun Soo Kim,- - -,585,7,27.70%,36.10%,89.8,18718
Scott Sizemore,- - -,614,14,36.50%,,,2881
Sean Murphy,OAK,906,36,40.20%,42.50%,89.6,19352
Jedd Gyorko,- - -,2983,121,38.60%,33.90%,87.5,10816
Derek Jeter,NYY,2793,36,17.90%,,,826
Jose Tabata,PIT,1765,17,22.10%,48.40%,93.5,2411
Aaron Hicks,- - -,3037,95,37.40%,36.50%,88.7,5297
Ryon Healy,- - -,1606,69,38.60%,40.00%,88.9,15447
Adam Duvall,- - -,2985,159,50.00%,39.10%,88.6,10950
Steven Souza Jr.,- - -,1895,72,35.60%,38.20%,89,5667
Gio Urshela,- - -,1832,55,33.00%,37.90%,89.1,10681
Drew Sutton,- - -,232,3,38.10%,,,7430
Chas McCormick,HOU,492,20,40.90%,44.90%,89.4,19599
Austin Kearns,- - -,841,16,28.30%,,,332
Juan Miranda,- - -,273,10,49.20%,,,7783
Anthony Santander,BAL,1420,63,44.50%,38.60%,89.7,14551
Cesar Hernandez,- - -,4496,70,27.50%,29.70%,86.4,10556
Yunel Escobar,- - -,4411,61,25.50%,36.60%,89.4,4191
Joey Wendle,- - -,1708,29,30.30%,34.70%,88.2,13853
Jeff Baker,- - -,1117,28,29.30%,36.20%,85.7,2073
Chris Denorfia,- - -,2148,38,23.50%,37.10%,88.1,4400
Paul DeJong,STL,2259,97,44.50%,36.90%,87.5,18015
Desmond Jennings,TBR,2351,55,35.40%,30.50%,86.9,1965
Matt Downs,- - -,522,19,46.90%,,,957
Travis d'Arnaud,- - -,2469,89,37.10%,40.00%,89.4,7739
Tyler Colvin,- - -,1296,49,40.40%,,,5310
Jeimer Candelario,- - -,2196,58,37.80%,36.40%,88,13621
Enrique Hernandez,- - -,2831,95,42.70%,37.90%,89.2,10472
Dominic Smith,NYM,1327,46,35.80%,40.20%,89,15653
Trent Grisham,- - -,1238,37,37.90%,35.00%,88,18564
Yermin Mercedes,CHW,263,7,40.80%,28.60%,87.3,17423
Matt Vierling,PHI,166,5,33.00%,49.60%,91.5,21558
Steven Moya,DET,133,5,36.00%,40.60%,92,11854
Eduardo Escobar,- - -,4545,144,41.60%,29.60%,86.9,6153
Starlin Castro,- - -,6579,138,30.40%,34.90%,87.9,4579
Chris Parmelee,- - -,1011,30,43.80%,39.50%,89.3,2554
Dansby Swanson,ATL,2982,89,36.50%,38.70%,88.8,18314
Ben Gamel,- - -,1943,34,31.90%,34.00%,87.9,12160
Lastings Milledge,- - -,416,4,32.90%,,,6441
Clint Robinson,- - -,590,15,35.00%,34.60%,89.1,6908
Scott Moore,- - -,324,12,42.30%,,,4390
Juan Francisco,- - -,1066,47,37.30%,,,6978
Kolten Wong,- - -,3745,72,33.40%,30.00%,87,12532
Akil Baddoo,DET,516,14,39.50%,31.30%,85.8,22168
Matt Beaty,- - -,596,18,34.50%,36.30%,88.1,17710
Gavin Sheets,CHW,332,15,42.90%,41.00%,89.7,19901
Coco Crisp,- - -,3176,71,37.40%,22.30%,85.2,1572
Scott Podsednik,- - -,811,7,31.00%,,,1095
Nate Freiman,OAK,301,9,40.40%,,,6582
Didi Gregorius,- - -,4158,133,41.10%,26.50%,85.8,6012
Dayan Viciedo,CHW,1798,66,34.10%,,,3917
Matt Duffy,- - -,2230,27,25.00%,30.80%,87.3,13836
Bobby Witt Jr.,KCR,274,10,46.00%,43.40%,91.3,25764
Jonathan Schoop,- - -,4221,169,35.40%,36.90%,87.7,11265
Chris Carter,NYM,180,4,47.30%,,,7707
Brendan Rodgers,COL,771,21,30.00%,40.90%,88.6,17907
Andres Torres,- - -,1702,25,37.20%,,,1488
Tyler Austin,- - -,583,33,40.20%,42.30%,89.6,11850
Jason Vosler,SFG,140,7,36.70%,34.40%,87.1,16686
Nomar Mazara,- - -,2579,84,30.70%,38.90%,89.2,14553
Kyle Blanks,- - -,761,23,38.10%,31.90%,87.9,49
John Mayberry,- - -,1459,52,35.80%,22.10%,86,3390
Josh Satin,NYM,292,3,35.30%,,,6788
Chris Johnson,- - -,2972,63,30.00%,39.90%,89.6,1191
Jonathan Villar,- - -,3880,100,25.80%,36.50%,88.9,10071
Stephen Drew,- - -,2814,73,43.40%,26.40%,87.4,4251
Fred Lewis,- - -,715,11,30.40%,,,4693
Josh Naylor,- - -,816,24,31.40%,39.20%,89.2,18839
Brandon Snyder,- - -,211,9,43.60%,41.20%,90.7,9856
Richie Shaffer,TBR,142,5,45.90%,27.00%,87.3,13271
Phillip Ervin,- - -,660,17,38.50%,29.80%,85.4,14738
Jarrod Saltalamacchia,- - -,2322,87,44.80%,38.00%,89.7,5557
Yangervis Solarte,- - -,2645,75,37.00%,30.90%,87.1,5352
Nick Williams,- - -,916,31,30.10%,37.90%,88.3,14330
Luis Urias,- - -,1174,35,34.00%,34.70%,87.6,16622
Yadiel Hernandez,WSN,508,14,24.00%,38.30%,89.1,19334
Corky Miller,CIN,120,2,34.90%,,,342
Riley Adams,- - -,200,5,38.00%,43.50%,89.4,19864
Cesar Puello,- - -,197,4,13.00%,27.40%,85.6,7216
Aaron Hill,- - -,3584,98,43.80%,27.60%,87.3,6104
Oswaldo Arcia,- - -,1075,44,39.80%,31.10%,86.5,10306
Harrison Bader,STL,1704,52,40.50%,31.90%,86.4,18030
Andres Blanco,- - -,934,17,31.90%,28.90%,87,1907
Tim Beckham,- - -,1751,63,32.50%,37.80%,87.9,7949
Tyler White,- - -,859,26,39.90%,32.40%,87.8,15564
James Loney,- - -,3698,63,32.10%,26.30%,86.4,4556
Carlos Guillen,DET,377,9,38.20%,,,1079
Gerardo Parra,- - -,4799,85,27.40%,28.40%,87.1,8553
Greg Bird,NYY,700,32,49.80%,40.10%,89.6,14131
Jeff Keppinger,- - -,1844,25,29.20%,,,3856
Ender Inciarte,- - -,3414,42,28.10%,16.10%,84.2,4922
Adolis Garcia,- - -,926,44,40.10%,45.20%,91.2,19287
Tyler Flowers,- - -,2756,86,35.80%,42.30%,90.7,9134
Boog Powell,- - -,160,3,32.40%,23.10%,86.8,15103
Bill Hall,- - -,595,21,41.80%,,,1605
Max Schrock,- - -,156,4,42.70%,23.90%,84.3,17750
Rafael Furcal,- - -,1365,21,28.50%,,,88
Jesus Guzman,- - -,1094,25,36.20%,,,3118
Melvin Mora,- - -,489,7,37.60%,,,157
Bryan De La Cruz,MIA,355,8,26.80%,40.60%,88.2,19600
J.P. Crawford,- - -,1821,26,33.20%,29.00%,85.6,15491
Vernon Wells,- - -,1895,78,43.30%,,,1326
Jurickson Profar,- - -,2754,71,34.30%,30.30%,86.7,10815
Alfonso Rivas,CHC,177,4,24.70%,36.40%,87.4,21560
Kyle Farmer,- - -,1131,30,32.70%,33.20%,86.8,14813
Johan Camargo,- - -,1320,37,34.40%,32.70%,87.5,14950
Nolan Reimold,- - -,1145,41,37.20%,30.60%,86.3,3441
Matt Wieters,- - -,4043,137,38.90%,31.80%,87.1,4298
Trevor Plouffe,- - -,3234,106,39.40%,39.30%,89.5,7462
Lyle Overbay,- - -,1960,49,34.60%,,,1617
Will Venable,- - -,2698,67,32.50%,32.20%,86.8,211
Brandon Crawford,SFG,5699,135,34.50%,36.50%,88.4,5343
Yairo Munoz,- - -,583,13,24.50%,29.00%,86.5,16313
Devin Mesoraco,- - -,1574,58,40.10%,26.00%,85,5666
Josh Harrison,- - -,3970,65,37.90%,26.40%,86.3,8202
Daulton Varsho,ARI,692,23,43.40%,39.00%,87.6,19918
Manny Pina,- - -,1243,42,41.10%,30.00%,86.5,2829
Aristides Aquino,CIN,576,34,44.90%,35.30%,87.3,15482
David Ross,- - -,1186,39,43.80%,32.40%,87.5,1551
Brandon Drury,- - -,1956,65,32.10%,38.10%,88.1,11615
Greg Garcia,- - -,1303,14,24.90%,24.20%,84.9,10951
Curt Casali,- - -,1294,46,42.90%,33.60%,87.3,12510
Quintin Berry,- - -,345,3,20.00%,0.00%,,9414
Marwin Gonzalez,- - -,3765,103,32.70%,38.30%,89.2,5497
Seth Brown,OAK,623,29,46.40%,41.50%,89.4,18171
Brent Rooker,MIN,234,10,36.80%,48.90%,90.8,19627
Donnie Murphy,- - -,567,23,43.20%,,,4704
A.J. Ellis,- - -,2290,44,35.30%,33.50%,87.7,5677
Brad Hawpe,- - -,594,13,37.30%,,,1885
Jake Cave,MIN,838,28,25.20%,38.70%,88.8,14477
A.J. Pierzynski,- - -,3109,77,32.50%,28.60%,86.2,746
Brett Wallace,- - -,1440,40,32.60%,37.50%,88.2,8434
Eric Hinske,- - -,789,24,40.00%,,,1305
Ross Gload,PHI,256,6,43.80%,,,1538
Jesus Sanchez,MIA,490,23,34.80%,42.70%,89.9,19913
Drew Stubbs,- - -,2971,84,35.80%,31.40%,88.2,9328
Ryan Sweeney,- - -,1287,11,29.00%,,,6352
Ty Wigginton,- - -,1518,48,36.40%,,,1491
Michael Saunders,- - -,2618,81,38.30%,40.10%,88.8,9981
Domonic Brown,PHI,1748,54,34.60%,28.10%,87,3154
Reed Johnson,- - -,1130,13,31.50%,47.10%,88.7,1702
Thairo Estrada,- - -,508,16,25.60%,33.80%,86.4,16426
Chris Heisey,- - -,1758,62,46.50%,26.10%,86.4,3978
Chris Coghlan,- - -,2340,44,30.40%,31.90%,87.8,6878
Dwight Smith Jr.,- - -,568,17,34.20%,37.70%,89.1,13473
Harold Ramirez,- - -,999,21,26.30%,40.40%,89.6,14387
Laynce Nix,- - -,796,25,38.90%,,,1766
Kevin Kiermaier,TBR,3319,82,30.10%,33.70%,87.6,11038
Eduardo Nunez,- - -,3008,58,32.00%,34.40%,88.2,6848
Joe Inglett,- - -,187,1,45.30%,,,7254
Sam Hilliard,COL,565,29,37.90%,42.30%,90.1,17954
Matt Davidson,- - -,1112,54,42.90%,42.40%,89.6,7226
Luis Valbuena,- - -,3119,104,43.50%,35.80%,88.6,4969
Jimmy Rollins,- - -,3728,85,40.20%,21.50%,85.5,971
Gregory Polanco,PIT,3220,96,39.30%,38.70%,89.3,12907
Scott Hairston,- - -,1140,48,50.90%,,,1926
Nick Madrigal,- - -,439,2,19.20%,24.20%,85.3,20521
Ronald Guzman,TEX,826,31,35.10%,33.70%,86.3,14388
Yan Gomes,- - -,3385,120,39.90%,34.90%,87.9,9627
Chad Pinder,OAK,1546,55,33.70%,45.10%,90.7,15191
Jorge Alfaro,- - -,1526,46,26.80%,44.20%,90.6,12180
Nick Solak,TEX,954,20,30.30%,35.10%,88,19294
Stephen Vogt,- - -,2451,78,45.50%,30.90%,87,5000
Aaron Altherr,- - -,1156,37,34.50%,41.00%,89.3,11270
Franklin Gutierrez,- - -,1822,57,37.50%,46.60%,90.9,3255
Mitch Maier,KCR,608,7,44.10%,,,5588
Gavin Lux,LAD,755,14,32.70%,37.50%,88.5,19955
Brennan Boesch,- - -,1713,48,37.40%,30.50%,86.9,914
Raimel Tapia,- - -,1631,22,23.30%,29.80%,85.9,14350
Logan Forsythe,- - -,3540,71,35.70%,34.60%,88.8,7185
Jake McCarthy,ARI,156,5,37.30%,32.20%,86.1,21622
Brock Holt,- - -,2661,25,24.70%,25.70%,86.4,9345
Delwyn Young,PIT,207,7,40.00%,,,4563
Pavin Smith,ARI,824,21,34.70%,40.50%,87.6,19892
Ryan Roberts,- - -,1310,38,41.90%,,,5653
Tony Kemp,- - -,1509,24,38.10%,16.10%,85.4,14894
Jason Castro,- - -,3372,96,35.50%,37.50%,89.2,8722
Donovan Solano,- - -,1951,23,29.40%,38.00%,88.3,8623
Michael Bourn,- - -,3987,27,24.60%,17.80%,85.5,6387
Josh Rojas,ARI,942,17,31.20%,32.70%,87.9,19734
Mike Tauchman,- - -,667,17,31.40%,34.20%,87.1,15274
Travis Snider,- - -,1615,43,32.40%,37.40%,88.3,2830
Gregor Blanco,- - -,2782,25,31.80%,26.10%,85.9,3123
Daniel Robertson,- - -,945,18,31.60%,32.00%,86.2,14145
Ben Francisco,- - -,747,17,43.40%,,,4677
Juan Uribe,- - -,2535,72,38.20%,36.20%,88.5,454
Adonis Garcia,ATL,944,29,27.70%,35.90%,88.7,13777
Cody Ransom,- - -,558,23,42.20%,,,1126
Austin Barnes,LAD,1230,28,36.00%,33.30%,87.4,12158
Cameron Maybin,- - -,3963,67,27.10%,34.40%,87.8,5223
Melvin Upton Jr.,- - -,3678,115,39.10%,36.30%,88.4,5015
David Bote,CHC,1038,32,31.40%,44.20%,90.9,14593
Jorge Bonifacio,- - -,819,23,38.50%,33.90%,86.4,12174
Cory Spangenberg,- - -,1380,29,25.10%,31.30%,87.2,12294
Nyjer Morgan,- - -,1380,8,27.10%,,,4885
Danny Jansen,TOR,893,40,43.60%,38.80%,88.2,16535
Rougned Odor,- - -,4009,168,42.80%,37.60%,89.4,12282
Casper Wells,- - -,758,25,41.90%,,,9700
Rafael Ortega,- - -,968,17,36.00%,28.90%,86.8,10323
Joe Panik,- - -,3099,42,32.90%,26.90%,86.3,11936
Juan Rivera,- - -,1315,35,36.10%,,,843
Blake DeWitt,- - -,773,10,35.60%,,,7485
Keibert Ruiz,- - -,325,6,36.10%,32.60%,87.1,19610
Kirk Nieuwenhuis,- - -,1116,31,31.60%,39.40%,90.6,6400
Michael Chavis,- - -,865,33,35.20%,37.20%,88,17321
Patrick Kivlehan,- - -,250,10,39.40%,32.80%,86.9,13910
Josh Rutledge,- - -,1206,20,31.20%,30.20%,88.1,11167
Jose Iglesias,- - -,3799,44,27.70%,23.30%,84.2,10231
Ryan Langerhans,- - -,211,6,42.60%,,,98
Edward Olivares,- - -,250,8,31.50%,33.30%,86.4,19698
Elvis Andrus,- - -,7316,76,26.30%,32.00%,87.5,8709
Jason Bay,- - -,1361,37,41.60%,,,1717
Jaycob Brugman,OAK,162,3,26.90%,29.20%,87.1,14936
Nick Hundley,- - -,2868,80,38.00%,37.30%,88.9,3376
Mike Fontenot,- - -,618,6,32.00%,,,3912
Nicky Delmonico,CHW,574,18,38.60%,30.50%,85.4,13157
Chris Nelson,- - -,901,16,27.90%,,,8175
Ezequiel Carrera,- - -,1305,19,26.70%,29.30%,85.9,9048
Nate Schierholtz,- - -,1769,46,38.30%,,,6201
Miguel Cairo,CIN,658,13,36.50%,,,1412
Jose Fernandez,LAA,123,2,27.70%,36.60%,85.4,19254
Nico Hoerner,CHC,577,6,27.20%,33.50%,87.4,21479
Addison Russell,CHC,2212,60,36.90%,30.00%,87.2,14106
Michael Lorenzen,- - -,147,7,21.20%,46.20%,92.2,14843
Kurt Suzuki,- - -,4633,111,40.40%,30.50%,86.7,8259
Mike Ford,- - -,361,17,41.40%,44.00%,91.2,15585
Trevor Larnach,MIN,481,12,36.90%,41.80%,90,21501
Amed Rosario,- - -,2408,45,28.60%,37.00%,88.2,15518
Danny Santana,- - -,1866,47,31.20%,35.20%,89.1,10322
Alex Presley,- - -,1503,29,27.10%,23.40%,85.5,5305
Justin Maxwell,- - -,1064,35,36.40%,32.00%,87.9,6827
Jackie Bradley Jr.,- - -,3920,105,33.10%,41.70%,89.8,12984
Travis Ishikawa,- - -,558,11,39.00%,37.20%,86.3,4793
John Buck,- - -,1893,64,40.00%,,,2041
Max Stassi,- - -,1072,36,32.70%,42.00%,89.9,10059
Brian Bogusevic,- - -,834,19,24.80%,32.40%,89.5,4719
Sean Halton,MIL,111,4,38.00%,,,9853
Zack Cozart,- - -,3388,87,38.50%,27.00%,85.9,2616
Willie Calhoun,TEX,927,32,41.40%,38.50%,89.5,17838
Cameron Rupp,PHI,1127,39,36.40%,41.70%,89.8,11146
Alec Bohm,PHI,873,15,24.80%,46.30%,90.9,21618
Manuel Margot,- - -,2349,47,36.10%,35.10%,87.9,14712
Mike Cameron,- - -,449,13,50.80%,,,1070
Maikel Franco,- - -,3464,127,35.80%,37.00%,88.5,12179
Jose Pirela,- - -,985,17,28.90%,36.40%,88.7,5485
Craig Gentry,- - -,1383,7,30.30%,20.20%,84.5,9571
Daniel Palka,CHW,542,29,38.00%,46.60%,91.5,14897
Taylor Trammell,SEA,258,11,41.40%,36.40%,87.2,19960
Jamey Carroll,- - -,1710,1,23.30%,,,1591
Omar Infante,- - -,3389,45,37.60%,21.30%,84.6,1609
Sean Rodriguez,- - -,2697,76,39.30%,31.40%,88.4,6589
Victor Caratini,- - -,1148,27,28.20%,39.20%,89,14968
Will Rhymes,- - -,449,2,31.90%,,,9802
Kevin Kouzmanoff,- - -,894,25,36.70%,,,5995
Nate McLouth,- - -,1662,30,37.80%,,,3190
Kevin Pillar,- - -,3846,97,37.10%,30.60%,86.4,12434
Luis Garcia,WSN,471,10,21.80%,32.80%,86.2,20391
Matt LaPorta,CLE,870,24,46.10%,,,2280
J.J. Hardy,- - -,4011,113,37.90%,34.00%,88.3,3797
Conor Gillaspie,- - -,1544,33,39.00%,29.70%,87.4,9009
Mallex Smith,- - -,1654,13,26.90%,20.60%,84.8,13608
Willy Garcia,CHW,119,2,34.20%,31.20%,87.7,12956
Russ Canzler,- - -,102,3,39.20%,,,8265
Andy Ibanez,TEX,400,8,43.80%,39.00%,88.6,18819
Edgar Renteria,- - -,600,8,34.80%,,,1178
Casey McGehee,- - -,2667,51,32.70%,34.70%,88.9,6086
Kila Ka'aihue,- - -,441,14,44.60%,,,4707
Dylan Moore,SEA,926,32,47.50%,36.30%,87.8,18042
Andrew Stevenson,WSN,449,8,27.10%,39.90%,88.7,17932
David Fletcher,LAA,1896,12,28.90%,16.80%,83.4,17992
Tim Locastro,- - -,518,6,37.50%,18.90%,83.8,15124
Jordy Mercer,- - -,3416,66,31.90%,30.20%,86.7,6547
Christian Vazquez,BOS,2402,50,32.80%,32.60%,87.4,9774
Jefry Marte,- - -,728,30,35.00%,34.40%,87.9,5107
Derek Norris,- - -,2195,63,40.90%,34.20%,87.3,6867
Ryan Hanigan,- - -,1867,25,29.30%,19.80%,84.2,4952
Mikie Mahtook,- - -,965,33,38.90%,37.20%,88.9,13130
Alexei Ramirez,- - -,4390,79,31.70%,23.00%,84.6,5133
Matt Pagnozzi,- - -,100,1,26.50%,,,6046
Yonathan Daza,COL,636,2,24.10%,26.00%,85.2,15794
Yorvit Torrealba,- - -,1196,18,27.60%,,,1135
Alberto Callaspo,- - -,2885,41,36.50%,17.60%,84.2,3336
Placido Polanco,- - -,1869,14,30.20%,,,1176
Tony Sanchez,- - -,156,4,32.30%,60.00%,95.1,6178
Jacob Nottingham,- - -,130,8,50.80%,35.40%,87.4,16448
Jesus Montero,- - -,865,28,33.60%,42.50%,91,5514
Garrett Stubbs,- - -,135,3,33.70%,26.50%,85,18067
Mike Lowell,BOS,244,5,50.80%,,,527
Dioner Navarro,- - -,1729,44,38.50%,24.00%,85.8,3179
Trent Oeltjen,LAD,121,2,31.50%,,,3310
Chris Gimenez,- - -,937,21,34.80%,31.10%,87,7324
Jeff Francoeur,- - -,2720,72,37.80%,33.00%,88,4792
Daniel Descalso,- - -,2893,48,36.70%,31.80%,87.9,8392
Willians Astudillo,- - -,566,16,39.30%,31.00%,86.1,15608
Rajai Davis,- - -,3713,55,34.80%,27.60%,86.1,3708
Peter O'Brien,- - -,200,11,40.90%,40.00%,89.8,13288
Fernando Martinez,- - -,210,8,33.30%,,,9210
Albert Almora Jr.,- - -,1494,33,29.20%,28.80%,86.7,14109
Jose Osuna,PIT,705,24,32.40%,35.70%,88.5,12937
Adley Rutschman,BAL,108,2,37.20%,43.60%,91.2,26288
Jose Azocar,SDP,102,0,30.80%,30.40%,88.2,18821
Mauricio Dubon,- - -,576,16,38.60%,29.50%,86,16530
Harold Castro,DET,929,12,25.30%,34.10%,88,14691
Orlando Hudson,- - -,1296,16,29.90%,,,1307
Matt Tuiasosopo,- - -,332,11,29.40%,50.00%,96.7,8272
Jose Briceno,LAA,134,5,30.60%,34.50%,86.8,13151
Xavier Paul,- - -,751,11,31.40%,,,5963
Edmundo Sosa,STL,429,6,29.80%,30.50%,86.9,17022
Erick Aybar,- - -,4445,49,28.80%,17.10%,84.7,4082
Mike Baxter,- - -,489,4,41.40%,23.30%,83.6,4464
Juan Pierre,- - -,2214,5,23.40%,,,443
Victor Robles,WSN,1450,26,37.30%,23.40%,83.5,18363
Casey Kotchman,- - -,1541,31,27.20%,,,1930
Kevin Frandsen,- - -,910,8,26.60%,44.40%,91.8,7528
Jerry Hairston,- - -,1345,21,41.40%,,,144
Jason Donald,CLE,603,7,26.70%,,,9331
Dilson Herrera,- - -,272,11,48.10%,25.90%,85.6,14335
Rusney Castillo,BOS,337,7,23.60%,33.20%,88.5,17016
Andy Marte,- - -,204,6,51.00%,,,3203
Shane Peterson,- - -,322,4,26.20%,37.00%,88.3,7423
Niko Goodrum,- - -,1531,42,34.40%,38.70%,88.3,12092
Adam Haseley,- - -,376,5,19.70%,29.00%,86.7,19878
Delino DeShields,- - -,2114,19,32.40%,22.00%,85.4,11379
Keon Broxton,- - -,1026,39,32.50%,36.70%,88.6,9253
Steve Tolleson,- - -,363,6,38.70%,28.10%,82,4450
Dee Strange-Gordon,- - -,4162,18,21.30%,14.20%,83.1,8203
Rick Ankiel,- - -,962,27,39.40%,,,1142
Jerry Sands,- - -,464,10,35.40%,37.00%,89.7,4016
Rafael Ynoa,COL,207,0,27.50%,16.50%,83,2832
Preston Tucker,- - -,651,23,36.10%,39.30%,90,13633
Tucker Barnhart,- - -,2710,51,30.60%,26.00%,86.4,10200
Miguel Rojas,- - -,2797,38,29.50%,27.20%,85.9,7802
Tyler Collins,DET,552,14,39.80%,33.60%,89.1,12723
Andrelton Simmons,- - -,4799,70,30.00%,29.50%,86.5,10847
Mark Ellis,- - -,2157,25,35.10%,,,1443
Roger Bernadina,- - -,1389,28,34.00%,,,6421
Jordan Pacheco,- - -,1149,10,29.00%,17.60%,81.8,2677
Jack Hannahan,- - -,896,13,34.20%,,,3692
Rod Barajas,- - -,1037,44,61.50%,,,45
Skip Schumaker,- - -,2128,13,21.80%,22.70%,85.7,3704
Brian Roberts,- - -,1157,20,42.20%,,,166
Dustin Ackley,- - -,2347,46,35.10%,39.10%,89.8,10099
Jemile Weeks,- - -,1068,4,33.90%,30.40%,85.8,2498
Danny Mendick,CHW,446,10,32.90%,26.50%,85.5,18889
Brett Pill,SFG,259,9,36.90%,,,5834
Jason Michaels,HOU,372,10,48.60%,,,1399
Dan Johnson,- - -,336,13,49.30%,13.30%,77.1,2167
Trayce Thompson,- - -,644,27,35.50%,36.40%,87.8,9952
Bobby Bradley,CLE,345,17,36.30%,40.70%,89.4,17278
Ian Stewart,- - -,851,25,39.20%,,,5950
Maicer Izturis,- - -,1488,15,32.80%,,,2437
James McCann,- - -,2721,76,33.80%,38.70%,88.3,12859
Abraham Almonte,- - -,1326,23,30.90%,37.20%,88.7,5486
Conor Jackson,- - -,631,7,36.40%,,,5997
Chris Snyder,- - -,777,25,38.30%,,,4606
Elias Diaz,- - -,1430,37,34.60%,37.30%,87.8,11680
David Lough,- - -,820,13,38.30%,21.70%,84.7,7215
Phil Gosselin,- - -,1132,17,31.00%,30.70%,86.9,10953
Jacob Stallings,- - -,1030,19,33.20%,34.50%,87.9,13723
Wilkin Ramirez,- - -,117,0,24.30%,,,5219
Rusty Ryal,ARI,222,3,38.60%,,,9698
Ryan O'Hearn,KCR,983,38,36.40%,44.60%,90.9,16442
Chance Sisco,- - -,608,16,38.80%,30.80%,88,15694
Corey Patterson,- - -,738,14,37.40%,,,300
Seth Beer,ARI,103,2,32.80%,35.90%,87.6,20493
Ryan Jeffers,MIN,524,22,40.30%,43.10%,89.2,24618
Phillip Evans,- - -,353,6,30.30%,38.10%,87.1,12950
Willie Bloomquist,- - -,1279,8,28.40%,16.10%,86.7,1066
Jake Fox,- - -,278,9,45.30%,,,6267
Carson Kelly,- - -,1073,36,41.00%,34.90%,87.6,13620
Danny Espinosa,- - -,3267,98,38.60%,30.90%,88.2,9219
Andrew Brown,- - -,362,14,36.50%,,,3837
Randy Winn,- - -,233,4,31.40%,,,1235
Oscar Salazar,SDP,148,3,42.20%,,,495
Michael A. Taylor,- - -,2511,69,34.10%,37.10%,88.6,11489
Cole Gillespie,- - -,482,6,33.10%,34.80%,87.6,5888
Brooks Conrad,- - -,438,17,51.60%,,,3664
Matt Szczur,- - -,667,12,41.00%,22.00%,84.7,11255
Jace Peterson,- - -,2179,34,30.80%,30.90%,87.6,12325
Grady Sizemore,- - -,1112,21,38.40%,36.00%,89.2,2197
Mike Zunino,- - -,2958,146,48.30%,41.60%,89.7,13265
Kelby Tomlinson,SFG,687,3,19.70%,21.00%,84.9,13005
Willy Aybar,TBR,309,6,39.30%,,,2192
Jose Peraza,- - -,2159,35,37.20%,22.90%,84.7,13593
Francisco Mejia,- - -,761,21,39.80%,27.70%,86.7,16403
Zack Collins,- - -,424,11,47.70%,46.20%,91.5,19181
Byung-ho Park,MIN,244,12,42.00%,42.00%,88.6,18497
Garrett Hampson,COL,1144,26,37.80%,27.90%,86.4,19262
David Eckstein,SDP,492,1,31.90%,,,10
Ichiro Suzuki,- - -,4127,33,23.80%,15.00%,82.9,1101
Myles Straw,- - -,1139,5,33.80%,23.50%,86.5,17620
Pedro Severino,- - -,1220,33,36.60%,31.40%,87.1,14523
Cheslor Cuthbert,- - -,1161,27,37.00%,35.30%,88.6,10473
Alex Gonzalez,- - -,1472,43,44.40%,,,520
Matt Thaiss,LAA,197,9,39.80%,41.20%,88.8,19318
Kelly Shoppach,- - -,812,27,47.80%,,,3867
Ehire Adrianza,- - -,1460,21,36.20%,26.60%,85.5,8418
Mark Teahen,- - -,439,8,34.40%,,,4511
Hector Olivera,ATL,108,2,34.90%,26.50%,85.7,17528
Elian Herrera,- - -,639,8,31.20%,25.70%,84.8,5432
Tyler Moore,- - -,852,30,42.50%,33.30%,88.3,7244
Leonys Martin,- - -,2792,58,34.50%,32.10%,87.9,11846
Kevan Smith,- - -,852,13,23.00%,34.50%,87.4,12284
Ben Revere,- - -,3343,7,17.00%,14.40%,83.2,4712
Isiah Kiner-Falefa,- - -,1760,16,25.90%,28.20%,85.8,16512
Willi Castro,DET,864,18,33.50%,27.70%,84.9,17338
Mark DeRosa,- - -,538,8,30.70%,,,1392
Victor Reyes,DET,1008,13,26.10%,34.30%,88.3,15487
Peter Bourjos,- - -,2334,43,33.90%,28.90%,86.9,2578
Anthony Gose,- - -,1252,12,23.20%,30.60%,88.4,5097
Spencer Kieboom,WSN,144,2,35.80%,20.40%,84.7,13300
Emilio Bonifacio,- - -,2175,12,25.30%,19.10%,85.5,4054
Freddy Galvis,- - -,4238,109,38.70%,27.70%,87.3,6609
Hank Conger,- - -,1134,31,42.70%,33.60%,88.6,2505
Dalton Pompey,TOR,159,3,39.60%,27.60%,87.2,12797
Miguel Tejada,- - -,1191,22,31.60%,,,941
Adalberto Mondesi,KCR,1366,38,37.00%,35.30%,89.7,13769
Jake Smolinski,- - -,673,16,36.90%,30.70%,87.5,5408
Nick Punto,- - -,1204,7,30.50%,,,1429
Pablo Reyes,- - -,322,6,39.40%,34.10%,88.3,16357
Joey Rickard,- - -,984,20,39.00%,21.20%,84.7,13277
Yoshi Tsutsugo,- - -,582,18,43.60%,40.10%,89.6,27459
Derrick Robinson,CIN,216,0,28.20%,,,2784
Ryan Rua,TEX,755,23,31.30%,38.30%,88.8,12409
Bruce Maxwell,OAK,412,5,30.00%,39.90%,89.3,13866
Cody Asche,- - -,1349,32,37.60%,31.90%,86.8,11997
Adam Kennedy,- - -,999,12,38.10%,,,19
Alex Kirilloff,MIN,283,8,30.80%,44.40%,90.8,20325
Tyler Nevin,BAL,148,3,43.30%,40.00%,87.8,17893
Mason Williams,- - -,289,4,27.70%,31.20%,87.6,11859
Cam Gallagher,KCR,441,7,39.50%,23.90%,85.2,12981
Isaac Paredes,- - -,292,11,42.30%,30.20%,86,20036
Irving Falu,- - -,130,0,19.00%,,,6165
Lars Nootbaar,STL,190,7,33.60%,37.70%,89.9,21454
Wily Mo Pena,- - -,120,7,29.70%,,,344
Brandon Marsh,LAA,494,8,29.50%,44.70%,90.7,20202
Tim Lopes,- - -,290,3,29.90%,33.80%,86.5,14137
Adam Rosales,- - -,1511,44,39.70%,34.50%,88.1,9682
Guillermo Heredia,- - -,1544,27,35.10%,27.90%,85.7,18721
Franchy Cordero,- - -,600,16,31.70%,46.30%,91.3,14567
Eric Haase,- - -,550,26,40.40%,42.70%,88.9,14111
Nick Gordon,MIN,371,6,28.50%,47.50%,91.2,16337
John Hicks,- - -,902,32,37.90%,33.40%,87.7,12547
J.P. Arencibia,- - -,1687,80,46.90%,42.00%,90.6,697
Andrew Susac,- - -,304,7,41.80%,37.90%,88.8,13132
Paulo Orlando,KCR,918,14,29.60%,36.20%,88.8,8628
Brandon Allen,- - -,273,8,38.20%,,,7436
Miguel Olivo,- - -,1362,49,41.50%,,,1638
Milton Bradley,SEA,393,10,44.10%,,,369
Jose Siri,HOU,190,7,41.60%,42.10%,89.3,17452
Oscar Mercado,CLE,932,26,40.90%,31.70%,87.4,16375
Hanser Alberto,- - -,1295,18,34.50%,20.40%,84,11902
Aaron Miles,- - -,641,3,29.50%,,,1844
Charlie Culberson,- - -,1256,28,30.30%,30.40%,85.9,3298
Christin Stewart,DET,587,15,42.30%,32.20%,86.7,17714
Alex Blandino,CIN,279,2,34.20%,31.60%,87.2,16271
Steven Duggar,SFG,805,14,32.80%,33.30%,86.8,17719
Jonathan Herrera,- - -,1279,10,30.50%,14.00%,83.7,4182
Matt Diaz,- - -,649,9,29.10%,,,1771
Josh VanMeter,- - -,756,19,42.40%,35.70%,89.2,15170
Drew Robinson,- - -,253,9,34.50%,34.70%,87.4,11761
Geraldo Perdomo,ARI,252,2,34.40%,27.00%,84.9,22799
Brian O'Grady,- - -,114,4,51.60%,43.10%,89.1,16729
Jake Bauers,- - -,1126,27,38.30%,33.50%,87.9,15194
Matt den Dekker,- - -,415,7,33.10%,33.10%,88.6,11385
Billy Burns,- - -,899,5,27.90%,13.50%,82.9,12701
Willie Harris,- - -,593,12,39.10%,,,236
Eric Young Jr.,- - -,1865,12,25.10%,27.40%,85.5,7158
Roberto Perez,- - -,1752,55,31.60%,39.50%,89.3,2900
Ryan Theriot,- - -,1507,3,26.20%,,,3811
Ramon Santiago,- - -,1368,13,31.20%,,,1417
Blake Swihart,- - -,696,12,32.10%,27.00%,86.5,13176
Christian Arroyo,- - -,584,18,29.50%,36.20%,87.7,16434
Nick Senzel,CIN,786,16,33.50%,36.20%,88.1,19293
Kevin Plawecki,- - -,1319,22,35.40%,32.30%,87.2,13807
Junior Lake,- - -,703,17,34.00%,36.00%,88,4672
Wilmer Difo,- - -,1300,19,30.50%,22.60%,84.1,14320
Xavier Avery,BAL,107,1,23.50%,,,8471
Nick Ahmed,ARI,2953,68,33.40%,29.10%,87,12147
Cristian Guzman,- - -,396,2,29.40%,,,728
Geoff Blum,- - -,304,4,39.80%,,,550
Endy Chavez,- - -,980,11,28.50%,,,768
Eric Sogard,- - -,2493,26,36.80%,19.40%,85.1,7927
Mark Kotsay,- - -,941,14,36.50%,,,1042
Yolmer Sanchez,CHW,2459,32,31.30%,25.60%,86.2,11602
Jorge Cantu,- - -,670,14,40.20%,,,2521
Alexi Casilla,- - -,990,5,29.60%,,,5248
Will Middlebrooks,- - -,1234,43,37.40%,37.60%,88.6,7002
Ronny Paulino,- - -,656,6,35.40%,,,2129
Gordon Beckham,- - -,3352,66,39.70%,29.40%,86.2,9015
Darnell Sweeney,- - -,102,3,45.00%,33.30%,89.1,13284
Ruben Tejada,- - -,2396,10,33.10%,23.50%,85.3,5519
Greg Allen,- - -,666,8,32.70%,29.20%,86.9,16623
Mike Aviles,- - -,2666,49,36.90%,26.70%,85.8,5986
Ronny Cedeno,- - -,1439,17,31.50%,,,2179
Reese McGuire,- - -,532,9,35.90%,25.70%,85.9,15674
Adrian Nieto,CHW,118,2,25.00%,,,10294
Cooper Hummel,ARI,120,2,30.20%,38.10%,87.4,19458
Ramon Cabrera,CIN,215,4,34.90%,26.30%,87.5,10327
Brandon Dixon,- - -,558,20,39.20%,39.90%,89.5,15214
Austin Dean,- - -,356,11,33.70%,36.80%,88.3,18288
Derek Fisher,- - -,466,17,29.10%,42.30%,91.2,16192
Luis Rodriguez,SEA,139,2,53.60%,,,2364
Brett Jackson,- - -,147,4,37.50%,,,9632
Pedro Ciriaco,- - -,649,5,30.20%,13.80%,82.3,5278
Jarrod Dyson,- - -,2833,21,27.00%,20.60%,83.7,4866
Ryan Kalish,- - -,422,4,28.20%,37.50%,89.2,6962
Jimmy Paredes,- - -,1012,20,26.60%,41.30%,90,5481
Orlando Arcia,- - -,2044,47,29.30%,31.20%,87.3,13185
Tyler Greene,- - -,630,15,34.80%,,,4675
Jason Pridie,- - -,270,5,42.40%,20.00%,77.6,4611
Jose Trevino,- - -,647,15,33.10%,35.90%,87.4,16725
DeWayne Wise,- - -,527,14,38.70%,,,1554
Moises Sierra,- - -,509,9,30.70%,30.60%,88.6,6050
Ronald Torreyes,- - -,982,11,30.90%,14.40%,82.5,11400
Jose Miranda,MIN,133,4,38.50%,45.80%,90.3,20538
Chad Tracy,- - -,401,8,47.80%,,,1888
Dave Sappelt,- - -,274,2,35.10%,,,6898
Rob Refsnyder,- - -,646,7,27.60%,37.80%,88.3,13770
Brandon Barnes,- - -,1274,20,32.50%,25.40%,86.8,629
Cliff Pennington,- - -,2796,32,38.40%,24.70%,86,3395
Johnny Giavotella,- - -,1344,14,30.50%,20.20%,85.8,6740
Shed Long Jr.,SEA,417,12,27.40%,34.70%,87.4,16542
Nicky Lopez,KCR,1385,5,22.90%,23.80%,85.6,19339
Brayan Pena,- - -,1636,15,30.40%,16.90%,85.5,3231
Travis Jankowski,- - -,1199,9,20.80%,21.30%,85.5,13768
Alex Guerrero,LAD,243,11,38.00%,33.50%,86.9,15670
Ha-seong Kim,SDP,550,12,41.20%,28.00%,85.5,27506
Daniel Robertson,- - -,386,1,26.40%,21.70%,85.3,6266
Bradley Zimmer,- - -,930,20,31.10%,39.20%,89.4,16221
Dustin Garneau,- - -,506,15,48.00%,24.40%,84.7,9433
Scott Kingery,PHI,1127,30,40.90%,33.80%,86.9,17975
Jake Marisnick,- - -,2134,61,38.80%,32.10%,86.9,11339
Shawn O'Malley,- - -,305,3,25.30%,13.10%,83.5,9629
Carlos Asuaje,SDP,586,6,37.20%,20.80%,85.5,15197
Roman Quinn,PHI,552,8,31.10%,28.20%,87.3,13546
Julio Borbon,- - -,699,4,29.10%,8.30%,83.5,3209
Nick Franklin,- - -,923,24,40.40%,28.40%,86.2,10166
Gilberto Celestino,MIN,188,2,22.30%,32.60%,87,20233
Luis Castillo,NYM,299,0,15.30%,,,513
Robert Andino,- - -,1117,14,33.70%,20.00%,83.8,4900
Greg Dobbs,- - -,1267,20,35.20%,,,2158
Jose Constanza,ATL,240,2,14.90%,,,6003
Jon Singleton,HOU,420,14,47.10%,38.70%,91.8,10441
Billy McKinney,- - -,768,28,41.60%,32.80%,87.4,15654
Zach McKinstry,LAD,186,8,37.60%,35.30%,88.3,19392
Jason Bartlett,- - -,1252,6,30.00%,,,8219
Jake Fraley,- - -,383,10,39.20%,28.40%,84.9,19260
Eric Patterson,- - -,308,8,49.70%,,,9072
Jonah Heim,- - -,507,19,43.70%,38.40%,87.8,16930
Hernan Perez,- - -,1846,45,34.60%,32.20%,87.1,5751
John Hester,- - -,202,5,43.40%,,,877
Brandon Inge,- - -,1324,29,43.40%,,,470
Chris Dickerson,- - -,399,9,32.20%,,,7095
Dom Nunez,COL,342,12,51.90%,31.00%,86.1,15055
Kevin Newman,PIT,1406,18,32.10%,25.40%,85.2,17696
Matt Stairs,- - -,185,6,44.50%,,,1384
Matt Dominguez,- - -,1369,42,37.60%,37.50%,93.2,4903
Leury Garcia,- - -,2262,33,24.90%,30.70%,87,5913
Juan Lagares,- - -,2508,31,32.90%,37.10%,89,5384
Jett Bandy,- - -,492,16,45.20%,26.30%,86,12508
Yuniesky Betancourt,- - -,1809,49,41.80%,,,8585
Jordany Valdespin,- - -,467,15,36.90%,33.30%,94.4,5098
Jason Bourgeois,- - -,718,5,27.60%,22.00%,84.6,2225
Chris Owings,- - -,2464,37,32.70%,29.60%,87.2,10030
Don Kelly,- - -,1126,23,44.60%,8.30%,84.2,2216
Collin Cowgill,- - -,759,12,33.70%,25.00%,83.9,7250
Eric Fryer,- - -,374,2,24.40%,14.50%,83.6,8145
Felix Pie,- - -,514,5,29.50%,,,3751
Tucupita Marcano,- - -,118,2,29.10%,24.40%,85.8,22871
Everth Cabrera,- - -,1630,10,17.70%,26.00%,88.4,8155
Kyle Isbel,KCR,182,1,36.10%,41.60%,89.6,21614
Eric Campbell,- - -,517,7,27.20%,34.30%,87.5,6938
Omar Vizquel,- - -,736,2,33.70%,,,411
Aaron Rowand,SFG,708,15,36.40%,,,254
Xavier Nady,- - -,778,17,33.50%,,,1658
Johnny Field,- - -,233,9,41.50%,30.50%,86.7,15048
Sam Travis,BOS,278,7,31.90%,36.20%,88.7,16263
Emmanuel Rivera,KCR,242,5,30.60%,44.10%,91.2,19890
Gorkys Hernandez,- - -,1091,20,32.70%,31.90%,86.3,4146
Jordan Danks,- - -,390,8,34.10%,0.00%,80.7,9187
Brett Phillips,- - -,827,27,38.70%,34.30%,87.9,14735
Matt Reynolds,- - -,396,7,28.50%,38.70%,88.3,13788
Jeremy Hermida,- - -,332,8,38.50%,,,7208
Tony Wolters,- - -,1262,7,27.10%,19.70%,84.9,11470
Jason Kendall,KCR,490,0,36.00%,,,993
Reggie Willits,LAA,210,0,44.20%,,,5590
Kristopher Negron,- - -,416,9,30.30%,19.40%,84,5306
Marco Hernandez,BOS,271,3,22.00%,24.10%,86.2,13154
Gerald Laird,- - -,908,9,39.60%,0.00%,64.7,1698
Adam Engel,CHW,1438,29,39.00%,30.60%,86.3,15082
Munenori Kawasaki,- - -,738,1,19.00%,12.50%,85.4,13047
Darwin Barney,- - -,2759,31,31.80%,18.10%,84.2,2430
Alcides Escobar,- - -,6038,44,30.90%,19.10%,83.9,6310
Carlos Peguero,- - -,319,13,42.70%,48.70%,92.8,8760
Ed Lucas,MIA,573,5,26.30%,,,7532
Jarren Duran,BOS,153,2,31.20%,37.90%,89.7,24617
Efren Navarro,- - -,355,3,29.60%,39.40%,89.1,9854
Chris Valaika,- - -,268,5,35.80%,,,1165
Felipe Lopez,- - -,594,10,31.40%,,,1311
Aaron Cunningham,- - -,357,5,43.40%,,,4087
Ivan De Jesus,- - -,545,5,25.40%,24.40%,85.3,9886
Rio Ruiz,- - -,953,28,33.90%,35.60%,88.1,14103
Anthony Recker,- - -,630,18,45.90%,42.30%,91.7,4063
Richard Urena,TOR,263,2,28.80%,30.50%,86.8,16411
Ronnie Belliard,LAD,185,2,39.50%,,,677
Christian Colon,- - -,418,1,29.10%,22.10%,84.4,11145
Angel Sanchez,- - -,602,1,30.00%,,,3492
Gregorio Petit,- - -,437,4,29.30%,29.00%,86.5,3812
Taylor Jones,HOU,130,3,36.00%,42.70%,90.8,19533
Mark Grudzielanek,CLE,119,0,27.00%,,,653
JaCoby Jones,DET,1195,32,33.40%,40.40%,89.6,14818
Nick Stavinoha,STL,126,2,32.60%,,,3909
Alex Liddi,SEA,188,6,38.80%,,,5411
Brian Schneider,PHI,384,8,36.60%,,,795
Josh Phegley,- - -,1203,35,42.20%,25.90%,85,9308
Andrew Knapp,- - -,862,13,32.50%,37.20%,88,14942
Jordan Schafer,- - -,1277,10,29.60%,18.80%,80.5,9883
Jabari Blash,- - -,324,8,41.40%,36.20%,86.9,11247
Sam Fuld,- - -,1411,11,28.30%,22.30%,85.2,8254
Trevor Crowe,- - -,692,3,28.70%,,,3402
Anthony Alford,- - -,240,8,41.10%,38.00%,87.2,14329
Ivan Rodriguez,WSN,558,6,20.80%,,,1275
Luis Torrens,- - -,721,16,28.20%,42.10%,89.9,15905
Jake Goebbert,SDP,115,1,34.80%,,,9431
Adeiny Hechavarria,- - -,3288,37,29.90%,31.50%,87.5,10459
Ryan LaMarre,- - -,270,6,29.60%,29.70%,86.4,10700
Zack Granite,MIN,107,1,27.40%,22.10%,84.1,15343
Trevor Brown,SFG,227,5,34.90%,19.90%,83.4,13895
Derek Hill,DET,254,4,29.50%,31.10%,86.6,16947
Clint Barmes,- - -,2090,36,45.10%,16.10%,83.7,1830
Rene Tosoni,MIN,189,5,40.00%,,,7099
Martin Maldonado,- - -,3108,86,38.10%,31.50%,87.1,6887
Brent Lillibridge,- - -,587,18,42.20%,,,3501
Hector Sanchez,- - -,834,21,38.10%,26.30%,86.9,10289
Ryan Flaherty,- - -,1474,37,32.80%,30.90%,88.8,7888
Francisco Arcia,LAA,106,6,31.10%,19.70%,82.6,10286
Brandon Laird,- - -,138,6,39.30%,,,5476
Jake Rogers,DET,255,10,47.20%,30.10%,87,19452
Josh Thole,- - -,1440,9,28.10%,26.10%,85.4,9689
Mac Williamson,- - -,483,17,27.40%,37.80%,87.5,14158
Matt Treanor,- - -,636,10,32.50%,,,2265
Rob Segedin,LAD,103,2,25.80%,36.40%,88.7,11446
Owen Miller,CLE,439,8,30.50%,33.40%,87.1,24655
Jose Rojas,LAA,207,6,44.30%,45.10%,91,19331
Chris Herrmann,- - -,992,25,36.50%,37.30%,89,9284
Brad Davis,FLA,123,3,38.70%,,,8250
Bengie Molina,- - -,416,5,48.00%,,,24
Breyvic Valera,- - -,235,2,40.60%,19.80%,85.3,12758
Pat Valaika,- - -,864,30,45.60%,30.30%,86.8,14885
Joshua Fuentes,COL,443,12,40.10%,26.20%,84.8,16885
Steve Lombardozzi,- - -,848,5,31.50%,16.70%,83.8,5422
L.J. Hoes,- - -,337,4,21.40%,33.30%,85.8,6656
Joey Bart,SFG,225,4,30.80%,47.70%,89,21524
Bryan Petersen,FLA,539,2,34.40%,,,2567
Rene Rivera,- - -,1470,40,40.90%,32.40%,86.9,3648
Jayson Nix,- - -,1110,26,43.70%,,,3790
Orlando Cabrera,- - -,1014,9,35.20%,,,766
Carlos Corporan,- - -,779,20,38.50%,23.90%,85.9,5587
Ramiro Pena,- - -,580,8,36.00%,26.80%,86.8,8841
Billy Hamilton,- - -,3260,24,34.80%,10.10%,81.8,10199
Yu Chang,- - -,402,11,43.00%,33.10%,87.5,14773
Austin Romine,- - -,1322,28,30.80%,36.90%,87.6,5491
Luke Williams,- - -,148,1,29.00%,21.80%,83,19931
Shogo Akiyama,CIN,366,0,20.50%,28.30%,85.8,27461
Wes Helms,FLA,411,4,39.00%,,,94
Josh Bard,SEA,212,5,43.20%,,,1578
Tony Abreu,- - -,426,4,30.10%,,,5053
Lou Marson,CLE,806,4,24.30%,,,7610
Jose Lobaton,- - -,1274,21,31.50%,31.10%,87,4243
Joey Terdoslavich,ATL,162,1,33.30%,40.50%,89.9,10593
Jose Rondon,- - -,380,12,36.40%,32.10%,86.2,14140
Hoy Park,- - -,187,4,37.50%,22.40%,84.9,18027
Tzu-Wei Lin,- - -,218,1,31.60%,24.30%,85.7,14678
Abraham Toro,- - -,768,22,42.00%,32.50%,86.9,19844
Ryan Church,- - -,238,5,44.80%,,,2106
Joaquin Arias,- - -,977,7,31.40%,14.90%,79.5,3817
Luke Hughes,- - -,348,8,38.40%,,,4898
Logan Schafer,- - -,720,5,34.70%,27.70%,88,7937
Carlos Zambrano,- - -,141,4,22.20%,,,305
Jose Molina,- - -,1208,19,30.60%,,,25
Jason Repko,- - -,301,5,42.80%,,,2628
DJ Peters,- - -,240,13,48.60%,38.90%,87.5,19348
Ronny Rodriguez,DET,500,19,40.70%,35.70%,87.6,11875
Grant Green,- - -,353,4,33.60%,25.00%,86.2,10053
Jim Adduci,- - -,431,5,31.10%,30.70%,86.9,6448
Luis Rengifo,LAA,838,16,32.00%,29.40%,86.7,19858
John Nogowski,- - -,147,1,39.60%,27.90%,88.3,16852
Mike Freeman,- - -,412,5,29.70%,22.80%,84.3,11241
Ryan Wheeler,- - -,225,3,28.30%,,,9312
Jose Marmolejos,SEA,237,10,43.40%,40.60%,90,15767
JB Shuck,- - -,1289,8,27.60%,25.30%,84.7,6677
Caleb Joseph,- - -,1367,32,39.60%,29.10%,86.1,7087
Cal Raleigh,SEA,288,11,48.20%,41.80%,89.2,21534
Chone Figgins,- - -,1285,4,32.60%,,,1580
Jose Morales,- - -,115,0,21.90%,,,3726
Rob Brantly,- - -,456,7,34.90%,18.50%,82.2,10655
Tyler Pastornicky,ATL,268,2,15.60%,,,6777
Ryan Lavarnway,- - -,486,9,41.20%,38.30%,89.3,8879
Alen Hanson,- - -,625,12,36.10%,23.10%,83.9,12926
Rodolfo Castro,PIT,171,6,35.10%,34.20%,88.1,21987
Seby Zavala,CHW,143,6,43.70%,36.00%,88.3,18887
Jose Lopez,- - -,1112,22,37.60%,,,3114
Chris Getz,- - -,1152,1,29.00%,,,3388
Ty Kelly,- - -,188,3,40.50%,16.80%,85.1,7740
Steve Clevenger,- - -,522,4,27.50%,32.40%,89.4,9542
Wil Nieves,- - -,663,8,23.80%,11.10%,75.7,1556
Zach Walters,- - -,181,10,38.10%,22.20%,82.6,10622
Jo Adell,LAA,359,10,34.10%,35.60%,88.5,20220
Charlie Tilson,CHW,280,1,21.80%,24.70%,83.7,12983
Taylor Green,MIL,154,3,36.00%,,,9147
Xavier Scruggs,- - -,130,1,25.60%,40.50%,90.2,7409
Craig Tatum,BAL,222,0,24.40%,,,7468
Carter Kieboom,WSN,414,8,30.50%,32.80%,85.8,19958
Travis Buck,- - -,289,3,31.40%,,,4646
Ryan Goins,- - -,1690,22,30.80%,30.80%,87.2,9807
Gabe Gross,OAK,244,1,33.50%,,,2184
Brett Eibner,- - -,244,8,37.90%,32.90%,85.9,11369
Kelvin Gutierrez,- - -,419,4,22.70%,43.00%,89.9,17468
Tyler Saladino,- - -,1064,19,31.20%,30.70%,86.7,10807
Brent Morel,- - -,717,13,31.00%,100.00%,101.6,6402
Jonathan Arauz,BOS,167,4,31.50%,27.70%,85.6,20275
Daz Cameron,DET,235,5,41.80%,39.00%,88.8,18353
Craig Counsell,MIL,417,3,37.90%,,,52
Bryan Holaday,- - -,802,10,37.90%,23.00%,85.5,11287
Trayvon Robinson,SEA,319,5,24.70%,,,9875
Dawel Lugo,DET,400,7,25.00%,34.20%,86.7,14713
Bobby Crosby,- - -,189,1,34.60%,,,1818
Gabe Kapler,TBR,140,2,39.60%,,,1256
Adrian Sanchez,WSN,204,0,24.80%,32.70%,86.9,11338
Tony Gwynn,- - -,1083,5,29.70%,,,6141
Chris Stewart,- - -,1280,9,37.20%,18.60%,84.3,3878
Henry Blanco,- - -,473,14,50.50%,,,81
Wilson Valdez,- - -,871,5,16.70%,,,1863
Erik Gonzalez,- - -,888,11,22.70%,36.00%,87.9,13369
Rosell Herrera,- - -,421,3,25.10%,31.40%,87.5,11611
Tyler Holt,- - -,318,0,27.10%,15.50%,84.1,11391
Oscar Taveras,STL,248,3,28.80%,,,11173
Travis Demeritte,- - -,315,6,36.10%,44.20%,90.5,15958
Eliezer Alfonzo,- - -,120,2,34.40%,,,2331
Luis Cruz,- - -,500,7,40.10%,,,3188
Eury Perez,- - -,156,0,17.10%,16.20%,82.7,10299
John McDonald,- - -,789,15,41.50%,,,395
Josh Wilson,- - -,658,5,40.60%,12.50%,82,2102
Erik Kratz,- - -,951,31,40.90%,37.50%,88.7,4403
Omar Quintanilla,- - -,603,6,26.50%,,,6335
Ildemaro Vargas,- - -,407,9,25.80%,29.80%,86.5,13324
Tyler Wade,- - -,641,7,32.30%,21.00%,84.7,15730
T.J. Friedl,CIN,136,1,48.50%,28.60%,87.3,19522
Juan Centeno,- - -,371,6,24.70%,22.60%,85.5,7168
Pete Orr,PHI,183,0,28.50%,,,2748
Clete Thomas,- - -,351,5,35.70%,,,3373
John Ryan Murphy,- - -,737,18,40.20%,35.20%,87.9,10346
Ryan McKenna,BAL,272,2,27.20%,29.50%,86,19928
Elliot Johnson,- - -,807,12,33.90%,,,4751
Steven Brault,PIT,101,1,16.70%,31.00%,87.8,15291
Rey Fuentes,- - -,225,3,27.40%,23.00%,82.9,10329
Tony Campana,- - -,477,1,13.80%,,,4964
Sandy Leon,- - -,1599,31,38.40%,25.10%,85.3,5273
Andrew Romine,- - -,1391,11,24.70%,22.60%,83.7,1159
Stevie Wilkerson,BAL,486,10,33.80%,29.10%,85.9,16041
JT Riddle,- - -,797,19,29.70%,29.00%,87.3,17642
John Bowker,- - -,199,5,36.70%,,,8276
Rymer Liriano,- - -,167,2,25.80%,33.30%,88.1,4779
Matt Carson,- - -,165,5,40.70%,,,4748
Shane Robinson,- - -,823,7,32.00%,18.80%,83.8,4249
Alexi Amarista,- - -,1901,21,31.00%,18.10%,85.5,9063
Spencer Torkelson,DET,227,4,36.80%,34.70%,88.8,27465
Jarred Kelenic,SEA,473,17,42.90%,37.80%,87,22558
Jorge Mateo,- - -,468,8,38.00%,30.10%,86.3,17273
Pedro Florimon,- - -,867,12,28.30%,31.90%,87.5,8385
Andy LaRoche,- - -,379,4,32.70%,,,6444
Eli Whiteside,- - -,417,8,47.20%,,,3536
Justin Sellers,- - -,287,3,42.60%,,,4006
Juan Perez,SFG,246,2,33.30%,24.20%,84.5,5371
Sean Burroughs,- - -,133,1,25.50%,,,1021
Marc Krauss,- - -,435,12,42.00%,27.70%,87.7,7577
Mike Olt,- - -,400,16,43.60%,32.20%,86,10698
Michael Hermosillo,- - -,191,4,41.20%,37.50%,86.6,16285
Austin Wynns,- - -,363,10,30.00%,24.90%,84.6,15271
Zack Greinke,- - -,581,8,29.00%,29.90%,88.1,1943
Christian Bethancourt,- - -,642,12,33.60%,38.00%,89,10028
Chase d'Arnaud,- - -,599,5,35.40%,22.90%,85.1,6652
Brett Hayes,- - -,452,12,44.00%,34.60%,84.4,4293
Michael Choice,- - -,300,9,36.70%,,,11376
Cristhian Adames,- - -,367,2,19.80%,26.50%,84.6,6013
Humberto Quintero,- - -,834,11,32.00%,,,1824
Grayson Greiner,- - -,485,9,34.50%,33.90%,87.2,17062
Dixon Machado,DET,505,2,28.10%,26.90%,85.3,11472
Sam Haggerty,- - -,170,3,31.70%,37.70%,88.7,18054
Kyle Higashioka,NYY,534,24,51.40%,43.00%,90.1,5517
Danny Worth,- - -,332,2,33.20%,30.30%,86.8,198
Jake Elmore,- - -,527,4,31.00%,11.70%,83.9,7290
Sheldon Neuse,- - -,318,5,23.80%,40.10%,89.7,19635
Jason Martin,- - -,205,6,35.90%,35.30%,87.7,16429
Garrett Atkins,BAL,152,1,42.20%,,,1790
Allen Cordoba,SDP,227,4,32.40%,21.20%,82.4,15722
Jack Mayfield,- - -,476,13,44.90%,25.50%,85.4,15402
Brandon Hicks,- - -,340,11,52.00%,,,4003
Ryan Cordell,- - -,295,8,46.60%,32.40%,89,15181
Ernie Clement,CLE,242,3,36.70%,25.50%,86.3,20352
Anderson Hernandez,- - -,119,0,29.90%,,,3366
Brendan Ryan,- - -,2040,12,37.40%,20.00%,84.3,6073
Jordan Brown,- - -,109,0,35.90%,,,4121
Raffy Lopez,- - -,201,7,47.60%,25.00%,86.3,12606
Jesus Feliciano,NYM,119,0,23.70%,,,2448
Lewin Diaz,MIA,179,8,53.70%,36.40%,88.1,18365
Sergio Alcantara,- - -,372,7,36.40%,30.00%,86.9,16417
Akinori Iwamura,- - -,229,2,32.10%,,,7781
Taylor Walls,TBR,372,4,37.40%,33.20%,87.2,22458
Matt Tolbert,MIN,326,1,34.60%,,,7365
Taylor Motter,- - -,446,10,37.40%,31.40%,86.3,12399
Austin Hedges,- - -,1817,64,44.50%,30.60%,86.6,12976
Carlos Perez,- - -,670,11,41.10%,25.00%,85.5,10642
Dustin Fowler,- - -,249,6,39.60%,39.10%,88.5,17098
Micah Johnson,- - -,131,0,21.30%,20.00%,87.6,13809
Logan Watkins,CHC,110,1,35.70%,,,4875
James Jones,SEA,359,0,22.40%,31.30%,92,9767
Leody Taveras,TEX,345,7,34.50%,37.60%,88.1,18900
Paul Janish,- - -,924,5,40.80%,17.10%,83.7,7412
Richie Martin,BAL,437,7,32.00%,27.10%,84.3,17736
Luke Maile,- - -,755,10,36.50%,33.50%,86.4,13355
Rob Johnson,- - -,504,5,31.70%,,,8029
Landon Powell,OAK,251,3,43.60%,,,8361
Max Moroff,- - -,260,7,44.70%,26.30%,85.6,14556
Andrew Knizner,STL,392,4,33.50%,34.90%,87.3,19514
Chad Wallach,- - -,267,4,35.80%,33.80%,87.3,17161
Julio Lugo,- - -,312,0,30.30%,,,565
Scott Heineman,- - -,173,5,36.90%,32.40%,86.6,14453
Alex Cora,- - -,366,0,33.00%,,,1386
Noel Cuevas,COL,155,2,34.70%,26.60%,86.2,11894
Joe Mather,- - -,390,6,40.90%,,,3714
Luis Sardinas,- - -,500,5,23.20%,17.60%,85,13153
Darin Mastroianni,- - -,317,4,32.80%,0.00%,66.3,7316
Eli White,TEX,389,9,41.90%,26.10%,86.1,19346
Bobby Wilson,- - -,1034,18,38.20%,22.60%,82.9,6564
Daniel Hudson,- - -,129,1,17.10%,0.00%,73,7146
Cole Tucker,PIT,469,5,29.90%,29.60%,85.6,17326
Reid Brignac,- - -,847,11,39.70%,23.30%,90.8,8380
David Freitas,- - -,143,1,29.30%,33.00%,89.4,10619
Magneuris Sierra,- - -,540,0,23.90%,17.00%,83.3,17023
Pete Kozma,- - -,825,5,37.90%,14.90%,82.9,2539
Tomas Telis,- - -,267,1,25.00%,18.00%,84.2,10067
Mike McCoy,TOR,374,3,38.10%,,,4583
Nick Green,- - -,112,1,48.70%,,,1502
Tony Cruz,- - -,664,6,32.80%,29.20%,85.2,2802
Lewis Brinson,- - -,1111,25,33.10%,37.10%,88.6,14352
Isan Diaz,MIA,500,9,38.10%,34.80%,88.5,17922
John Baker,- - -,572,0,27.10%,,,4756
Mat Gamel,MIL,119,1,33.30%,,,4034
Cesar Izturis,- - -,861,3,31.10%,,,656
Carlos Tocci,TEX,135,0,32.90%,13.60%,80.7,14558
Jesus Flores,WSN,387,7,37.60%,,,4166
Jeff Clement,PIT,178,7,34.10%,,,4652
Jesus Sucre,- - -,721,10,33.60%,27.60%,86.4,5942
J.R. Towles,HOU,216,4,38.20%,,,7348
Jack Wilson,- - -,520,0,37.20%,,,1017
Yonny Hernandez,- - -,194,0,17.50%,15.60%,83,19432
Jonathan Davis,- - -,268,4,33.50%,26.80%,85.3,15104
Stefen Romero,SEA,233,4,41.80%,41.40%,90.4,11746
Yovani Gallardo,- - -,363,8,41.20%,27.30%,89.5,8173
Darrell Ceciliani,- - -,109,2,31.10%,27.40%,88.9,9954
Tyler Goeddel,PHI,234,4,29.40%,30.10%,87.3,13180
Donovan Walton,- - -,160,3,29.70%,23.70%,86.5,19314
Aramis Garcia,- - -,297,10,39.40%,37.10%,87.9,16925
Arismendy Alcantara,- - -,459,11,34.50%,23.20%,83.5,10711
Tommy Field,- - -,126,2,29.10%,26.90%,89.5,6262
Robel Garcia,- - -,197,6,43.10%,36.50%,87.7,13167
Tim Federowicz,- - -,443,12,36.70%,43.00%,91,8609
German Marquez,COL,244,2,21.40%,19.50%,84.1,15038
David Adams,NYY,152,2,27.80%,,,7389
Meibrys Viloria,KCR,201,1,22.90%,28.80%,87.6,17109
Max Fried,ATL,149,0,16.70%,29.30%,87.6,13743
Brian Bixler,- - -,190,2,31.50%,,,8055
Alfredo Marte,- - -,170,2,34.30%,20.00%,85.7,5212
Jason Jaramillo,PIT,142,1,40.00%,,,8358
Eddy Alvarez,- - -,135,1,35.40%,30.90%,87.9,16959
Drew Butera,- - -,1473,19,44.00%,21.80%,85.4,3411
Alberto Gonzalez,- - -,580,2,32.60%,,,4906
Ryder Jones,SFG,172,4,47.00%,26.70%,86.7,15982
Ramon Flores,- - -,331,2,29.60%,19.60%,84.3,11165
Diego Castillo,PIT,184,5,40.60%,40.60%,89.8,19906
Tommy Manzella,HOU,282,1,29.00%,,,3789
Evan White,SEA,306,10,41.50%,43.00%,89.1,20078
Tyler Heineman,- - -,146,1,45.00%,14.00%,82.5,13897
Isaac Galloway,MIA,128,3,43.00%,24.70%,85,5238
Ramon Torres,KCR,108,0,26.40%,14.90%,80.8,14113
Brendan Harris,- - -,237,5,26.40%,,,2178
Michael Perez,- - -,535,12,41.90%,34.30%,87.8,12977
Adam Moore,- - -,288,6,31.30%,53.30%,95.1,9362
Tomas Nido,NYM,571,10,28.40%,35.20%,87.5,13755
Jaff Decker,- - -,191,1,32.20%,24.20%,84.4,7945
Taylor Teagarden,- - -,292,9,37.30%,9.10%,86.3,5199
Francisco Pena,- - -,202,5,28.10%,27.70%,85.7,8298
Ka'ai Tom,- - -,134,2,38.20%,30.30%,84.3,18136
Greg Halman,SEA,121,2,35.60%,,,6617
Dan Haren,- - -,248,1,19.60%,9.10%,84.7,1757
Jared Hoying,- - -,129,1,42.70%,23.30%,84.4,10882
Jeff Bianchi,- - -,404,4,31.90%,0.00%,85.3,9958
Bubba Starling,KCR,261,5,32.50%,19.50%,82.3,13356
Deven Marrero,- - -,367,6,25.90%,27.20%,86.9,13325
Pedro Feliz,- - -,429,5,42.80%,,,1112
Luis Jimenez,- - -,168,0,38.70%,20.00%,83.3,6341
Travis Wood,- - -,327,11,44.40%,22.60%,83.4,9884
Yamaico Navarro,- - -,199,2,42.00%,,,5665
Jeff Mathis,- - -,2154,33,40.70%,29.00%,87.1,3448
Madison Bumgarner,- - -,729,19,37.80%,38.30%,89.6,5524
Andrew Lambo,- - -,100,1,32.40%,33.30%,89,5386
Franklin Barreto,- - -,237,9,46.40%,39.80%,89,15519
Zoilo Almonte,NYY,149,2,26.40%,,,6732
Andy Parrino,- - -,288,2,36.10%,0.00%,89.5,3972
Kaleb Cowart,LAA,406,6,39.00%,29.50%,86.7,11494
Derek Lowe,- - -,138,1,25.70%,,,199
Matt McBride,- - -,202,4,50.70%,22.50%,84.7,9373
Wade LeBlanc,- - -,129,0,20.50%,0.00%,80.5,5221
Chris Narveson,- - -,131,0,22.40%,0.00%,83.7,2141
Todd Cunningham,- - -,130,0,32.30%,15.40%,83.4,10822
Tsuyoshi Nishioka,MIN,254,0,23.50%,,,11531
Zack Short,DET,184,6,56.30%,33.00%,87.5,19562
Roger Kieschnick,- - -,136,1,32.50%,,,5225
Nick Buss,- - -,110,1,38.70%,20.00%,85.2,6835
Donald Lutz,CIN,113,1,32.90%,,,10154
Justin Williams,- - -,144,4,23.40%,49.40%,91.8,15490
Guillermo Quiroz,- - -,107,1,36.80%,,,7989
Austin Allen,- - -,127,2,40.60%,23.90%,86,18083
Andrew Velazquez,- - -,384,5,35.30%,33.80%,88.7,14196
Koyie Hill,- - -,506,3,29.10%,,,1829
Kevin Cash,- - -,129,2,34.50%,,,1593
Hector Gomez,- - -,162,1,35.00%,29.20%,86.3,2264
Socrates Brito,- - -,218,5,32.00%,34.20%,87.3,12944
Jhonatan Solano,- - -,108,2,26.70%,31.60%,83.9,7515
Kyle Parker,COL,138,3,32.10%,34.80%,87.4,11763
Scott Cousins,- - -,193,2,30.40%,,,173
Michael Martinez,- - -,621,6,29.90%,19.80%,86.2,7358
Brandon Wood,- - -,515,11,50.20%,,,6592
Jose Fernandez,MIA,159,2,18.40%,20.00%,86.1,11530
Patrick Mazeika,NYM,138,2,35.30%,20.00%,86,18142
Bryson Stott,PHI,150,4,47.50%,23.50%,85.3,26294
Henderson Alvarez,- - -,115,1,24.20%,33.30%,92.1,5669
Anthony Bemboom,- - -,203,5,40.20%,26.40%,86.3,13854
Michael Taylor,- - -,114,1,38.80%,,,2591
Adam Everett,- - -,156,0,55.00%,,,1430
Tuffy Gosewisch,- - -,447,5,31.30%,25.70%,86.8,5277
Juan Castro,- - -,155,0,36.50%,,,315
Emmanuel Burriss,- - -,362,0,24.50%,23.10%,87.7,2917
Daniel Castro,- - -,286,3,24.90%,12.20%,82.5,15450
Jose Barrero,CIN,124,0,37.80%,36.50%,87.8,23378
Vimael Machin,OAK,108,0,28.40%,37.70%,89.9,17684
Mike Nickeas,- - -,191,2,41.40%,,,7419
Chris Marrero,- - -,174,1,40.20%,20.00%,84.8,2852
A.J. Reed,- - -,199,4,41.50%,37.70%,88.1,16246
Mike Leake,- - -,549,6,36.80%,20.20%,83.3,10130
Justin Christian,SFG,112,0,42.20%,,,8297
Kevin Smith,- - -,187,3,52.10%,33.30%,86.9,20242
Jacob deGrom,NYM,423,3,24.30%,20.30%,84.5,10954
Josh Bell,- - -,282,4,27.90%,,,2510
Alex Jackson,- - -,185,3,44.60%,33.80%,87.3,17276
Humberto Arteaga,- - -,139,0,28.90%,20.80%,84,13595
Ken Griffey Jr.,SEA,108,0,51.20%,,,327
Brandon Woodruff,MIL,129,1,21.70%,22.20%,85.6,16162
Tyson Ross,- - -,217,2,21.40%,32.00%,90.6,7872
Taylor Featherston,- - -,244,4,39.00%,29.20%,87,12590
Juan Graterol,- - -,129,0,27.40%,15.00%,81.6,5398
Domingo Leyba,- - -,126,1,39.50%,17.30%,81.7,16404
Tyler Chatwood,- - -,242,0,17.10%,12.70%,83.1,4338
Kris Medlen,- - -,141,1,33.90%,0.00%,,9417
Wilfredo Tovar,- - -,122,0,23.30%,26.70%,85.1,10416
Cord Phelps,- - -,126,2,37.90%,,,8631
Vince Velasquez,- - -,180,1,21.20%,29.60%,86.3,11189
Russ Mitchell,LAD,101,4,43.40%,,,5848
Noah Syndergaard,- - -,251,6,38.20%,40.20%,89.9,11762
Yadiel Rivera,- - -,319,1,26.10%,31.30%,89.6,11863
Garret Anderson,LAD,163,2,38.20%,,,2
Nick Noonan,- - -,155,1,36.40%,10.70%,83.2,6880
Hyun-Jin Ryu,- - -,262,1,21.80%,25.70%,88.8,14444
Adam Wainwright,STL,605,5,33.90%,24.30%,86.8,2233
Lou Montanez,- - -,115,1,39.80%,,,2923
Jon Garland,- - -,106,0,21.80%,,,232
Jake Arrieta,- - -,426,6,36.60%,26.30%,86.5,4153
Steven Matz,- - -,199,3,25.80%,17.60%,83,13361
Joe Ross,WSN,175,0,19.80%,25.50%,86.2,12972
Jon Niese,- - -,398,0,15.20%,18.20%,82.1,4424
Cliff Lee,- - -,253,2,27.00%,,,1636
Chris Rusin,- - -,131,1,23.50%,17.90%,83.7,9895
Randy Wolf,- - -,202,0,23.70%,,,976
Jhoulys Chacin,- - -,406,2,27.10%,16.00%,84,2608
Shaun Marcum,- - -,153,1,40.30%,,,6204
Carlos Martinez,STL,274,1,12.20%,23.30%,83.9,11682
Clayton Kershaw,LAD,750,1,14.20%,13.00%,82.9,2036
Ian Kennedy,- - -,399,1,19.70%,12.90%,83.6,6986
Cristian Pache,- - -,272,3,28.10%,39.30%,88,19948
Jack Flaherty,STL,150,1,18.10%,21.10%,85.6,17479
Vidal Brujan,TBR,150,2,36.10%,25.00%,85,20536
Edwin Jackson,- - -,299,2,32.20%,13.00%,82.9,1841
Julio Urias,LAD,122,0,23.60%,18.80%,86.3,14765
Josh Vitters,CHC,109,2,35.80%,,,4623
Chad Billingsley,- - -,204,2,20.60%,22.20%,86.7,5842
Cole Hamels,- - -,499,2,24.00%,21.00%,84.2,4972
Stephen Strasburg,WSN,521,4,13.20%,25.50%,87,10131
Caleb Smith,- - -,100,0,16.20%,29.10%,88.4,14875
Tim Hudson,- - -,384,3,33.50%,10.00%,79,921
Livan Hernandez,- - -,137,1,20.40%,,,1116
Brett Myers,- - -,147,0,29.70%,,,962
Homer Bailey,- - -,373,0,7.10%,5.00%,78.1,8362
Jason Marquis,- - -,169,0,25.00%,15.40%,78.7,105
Wade Miley,- - -,340,1,11.80%,20.50%,85.4,8779
Francisco Liriano,- - -,229,2,27.50%,35.30%,88.2,3201
Ricky Nolasco,- - -,277,0,38.90%,20.00%,89.3,3830
Gerrit Cole,- - -,286,3,16.80%,15.90%,85.2,13125
Jordan Zimmermann,- - -,357,1,25.60%,20.30%,82.8,4505
Jake Westbrook,- - -,189,1,28.40%,,,412
Patrick Corbin,- - -,470,0,14.70%,14.50%,82.8,9323
Jeremy Hellickson,- - -,209,0,11.40%,5.60%,80.9,4371
Eugenio Velez,- - -,106,2,30.40%,,,3893
Taijuan Walker,- - -,119,1,14.30%,21.00%,84.4,11836
Joe Kelly,- - -,104,0,23.30%,28.60%,80.7,9761
Bud Norris,- - -,235,0,24.00%,13.30%,87,9492
Andrew Cashner,- - -,229,1,18.30%,17.10%,85,8782
Luke Weaver,- - -,125,1,17.00%,12.50%,82.6,16918
Jonathan Sanchez,- - -,108,0,34.10%,,,7507
Randy Wells,CHC,117,0,22.70%,,,4535
Kyle Kendrick,- - -,323,1,30.80%,16.10%,84.5,6230
Max Scherzer,- - -,453,1,13.80%,18.50%,84.1,3137
Jaime Garcia,- - -,347,3,16.70%,23.00%,84.7,8137
Luis Perdomo,- - -,112,0,26.80%,15.90%,81.1,14682
Eric Stults,- - -,174,1,21.80%,0.00%,78,8011
Zack Wheeler,- - -,323,1,24.20%,13.80%,81.5,10310
Doug Fister,- - -,128,0,14.30%,10.00%,85.1,9425
James McDonald,- - -,161,0,17.50%,,,5523
Shelby Miller,- - -,252,1,34.40%,22.40%,88.2,10197
R.A. Dickey,- - -,301,0,19.10%,0.00%,73.1,1245
Marco Estrada,- - -,158,0,17.60%,14.30%,78.9,1118
Drew Pomeranz,- - -,100,2,18.80%,17.40%,86.2,11426
Ryan Vogelsong,- - -,297,1,15.80%,15.40%,82.9,1011
Tanner Roark,- - -,351,1,22.20%,12.90%,82.9,8753
Jason Hammel,- - -,329,1,18.30%,23.30%,84.5,4538
Jon Lester,- - -,409,4,22.50%,29.50%,88.2,4930
Mat Latos,- - -,358,4,28.80%,12.50%,84.2,3815
Joe Musgrove,- - -,159,0,29.90%,22.80%,83.9,12970
John Lannan,- - -,151,1,22.40%,,,7080
Kenta Maeda,- - -,215,1,26.20%,4.70%,80.1,18498
James Shields,- - -,129,0,28.40%,26.70%,88.7,7059
Josh Collmenter,- - -,179,0,10.50%,14.30%,85.7,7312
Johan Santana,NYM,107,1,28.80%,,,755
Julio Teheran,- - -,463,1,19.60%,13.60%,83.8,6797
Brett Anderson,- - -,134,0,22.20%,10.90%,79.3,8223
Kyle Freeland,COL,198,1,25.50%,17.00%,84.7,16256
Chris Carpenter,STL,172,1,34.00%,,,1292
Kyle Lohse,- - -,370,0,19.00%,9.40%,81.3,739
Wandy Rodriguez,- - -,247,0,21.10%,0.00%,71.3,2586
Joe Saunders,- - -,147,0,18.00%,,,4366
Tim Stauffer,- - -,102,0,24.50%,,,6432
Randall Delgado,- - -,100,0,18.20%,11.10%,80.2,5985
Robbie Ray,- - -,268,1,15.90%,9.60%,82.3,11486
Jake Peavy,- - -,125,1,26.20%,22.50%,86.3,1051
Roy Oswalt,- - -,126,0,16.70%,,,571
Mike Pelfrey,- - -,144,0,14.10%,0.00%,91.3,5203
Sonny Gray,- - -,118,0,8.50%,7.80%,81.5,12768
Mike Minor,- - -,242,2,26.60%,33.30%,89.7,10021
Jordan Lyles,- - -,249,2,24.80%,6.40%,79.9,7593
Clayton Richard,- - -,353,3,28.70%,14.30%,83.9,3551
Junior Guerra,- - -,106,0,31.00%,12.30%,81.7,5702
Eric Lauer,- - -,122,1,36.60%,17.50%,86.2,19316
Chris Volstad,- - -,149,0,24.20%,,,9901
Miles Mikolas,- - -,153,2,26.20%,18.80%,83.6,9803
Matt Cain,SFG,415,3,30.80%,16.70%,79.2,4732
Adam Conley,- - -,102,0,10.30%,7.30%,82.8,14457
John Lackey,- - -,234,0,24.60%,22.10%,85.6,1507
Walker Buehler,LAD,195,1,17.40%,28.20%,86.8,19374
Jeff Samardzija,- - -,388,2,28.50%,26.30%,85.9,3254
Trevor Williams,- - -,173,0,11.90%,9.30%,82.6,16977
Brandon Beachy,- - -,101,0,27.00%,0.00%,90.4,8851
Vance Worley,- - -,179,0,26.40%,16.10%,82.3,6435
Juan Nicasio,- - -,145,0,12.50%,18.80%,88.4,7731
Zach Davies,- - -,262,0,31.00%,4.70%,80.9,13183
Jerad Eickhoff,- - -,140,0,20.00%,22.40%,84.3,12664
Jorge De La Rosa,- - -,294,0,5.80%,11.70%,79.2,2047
Tyler Anderson,- - -,183,2,32.70%,6.30%,80.3,12880
Dillon Gee,- - -,233,0,32.00%,10.00%,77.9,7396
Bronson Arroyo,- - -,349,2,40.40%,0.00%,82.4,978
J.A. Happ,- - -,192,1,24.10%,13.50%,83.7,7410
Ervin Santana,- - -,100,0,22.20%,0.00%,83.7,3200
Aaron Nola,PHI,318,0,14.60%,13.80%,84.8,16149
Jair Jurrjens,- - -,120,0,26.60%,,,5556
Kevin Gausman,- - -,123,0,7.30%,0.00%,79.8,14107
Zach Eflin,PHI,184,1,26.50%,20.50%,86,13774
Roy Halladay,PHI,264,0,11.40%,,,1303
Matt Wisler,- - -,103,0,9.40%,10.30%,83.9,12804
Tim Lincecum,- - -,361,0,7.20%,7.70%,82.6,5705
Trevor Cahill,- - -,214,0,21.00%,6.50%,80.7,6249
Anthony DeSclafani,- - -,283,1,19.00%,19.50%,85.6,13050
Joe Blanton,- - -,156,0,15.50%,0.00%,82.4,4849
Kevin Correia,- - -,190,0,39.30%,0.00%,63.4,1767
Tom Gorzelanny,- - -,104,0,34.00%,,,6244
Dan Straily,- - -,177,0,5.10%,4.40%,82.4,9460
Alfredo Simon,- - -,102,0,14.00%,15.40%,80,2155
Wily Peralta,- - -,234,1,35.50%,26.80%,87.9,7738
Barry Zito,- - -,192,0,7.10%,,,944
Yu Darvish,- - -,165,1,16.20%,34.70%,86.6,13074
Ubaldo Jimenez,- - -,153,0,4.90%,22.20%,86.9,3374
Matt Harvey,- - -,275,1,26.50%,18.60%,84.7,11713
Kyle Hendricks,CHC,404,0,23.20%,12.70%,83.1,12049
Paul Maholm,- - -,259,1,22.60%,,,8678
Jon Gray,- - -,281,1,20.50%,19.50%,83.5,14916
Luis Castillo,CIN,223,0,24.20%,7.70%,80.2,15689
Josh Johnson,- - -,151,0,17.90%,,,4567
Tyler Mahle,CIN,149,0,15.50%,20.90%,86.4,16358
Gio Gonzalez,- - -,475,3,32.70%,3.50%,78.6,7448
Anibal Sanchez,- - -,298,0,17.00%,1.90%,76.8,3284
A.J. Burnett,- - -,261,1,17.90%,21.90%,84.5,512
Lance Lynn,- - -,333,0,20.70%,17.90%,83.8,2520
Rich Hill,- - -,152,0,8.60%,6.70%,76,4806
Edinson Volquez,- - -,274,1,17.00%,9.10%,80.1,3990
Jameson Taillon,- - -,155,0,12.30%,15.60%,83.2,11674
Jeff Locke,- - -,224,0,12.00%,5.40%,77.9,2929
Johnny Cueto,- - -,540,0,15.10%,3.70%,79.7,6893
Chad Kuhl,- - -,129,0,14.30%,12.90%,83.6,14975
Ryan Dempster,- - -,178,0,19.80%,,,517
Jeff Karstens,PIT,125,0,4.20%,,,5879
Alex Wood,- - -,323,0,14.80%,9.70%,83.6,13781
Zack Godley,- - -,171,0,25.90%,13.60%,81,14862
Aaron Harang,- - -,305,0,15.20%,12.80%,83.8,1451
Michael Wacha,- - -,290,0,20.70%,10.80%,82.7,14078
Jimmy Nelson,- - -,208,0,12.90%,6.80%,78.8,10547
Chad Bettis,COL,172,0,7.40%,8.50%,81.8,10587
Ross Stripling,- - -,103,0,17.30%,0.00%,79.4,13273
Brandon McCarthy,- - -,157,0,10.30%,22.60%,86.5,4662
Rubby de la Rosa,- - -,103,0,9.70%,1.80%,77.4,3862
Nathan Eovaldi,- - -,174,0,10.00%,33.30%,87,9132
Matt Garza,- - -,303,0,7.60%,9.70%,78.6,3340
Chase Anderson,- - -,312,0,14.50%,10.40%,84.8,6895
Hiroki Kuroda,- - -,150,0,5.20%,,,3283
Nick Pivetta,- - -,122,0,12.80%,10.50%,80.5,15454
Tom Koehler,- - -,242,0,9.10%,10.40%,81.9,6570
Matt Moore,- - -,117,0,23.50%,11.10%,80.8,1890
Sandy Alcantara,- - -,140,0,4.80%,14.70%,82.2,18684
Joey Lucchesi,- - -,104,0,3.80%,11.80%,80.9,19320
Rodrigo Lopez,- - -,105,0,9.10%,,,150
Chris Capuano,- - -,180,0,36.80%,0.00%,,1701
Jose Urena,- - -,166,0,22.60%,13.80%,83.9,11589
Ted Lilly,- - -,150,0,25.30%,,,833
Charlie Morton,- - -,317,0,33.60%,6.30%,82.6,4676
Jose Quintana,- - -,184,0,6.00%,10.10%,81.8,11423
Bartolo Colon,- - -,234,1,21.80%,13.50%,83.8,375
Ross Detwiler,- - -,115,0,10.20%,66.70%,97.4,2859
Merrill Kelly,ARI,118,0,15.40%,11.70%,80.4,11156
Mike Fiers,- - -,104,0,21.60%,13.60%,82.6,7754
Tommy Hanson,- - -,179,0,16.00%,,,9129
Mike Foltynewicz,- - -,227,0,21.70%,8.10%,81.4,10811
Antonio Senzatela,COL,165,0,15.70%,12.50%,83,15488
Wei-Yin Chen,- - -,111,0,11.80%,3.30%,76.5,13071
Ivan Nova,- - -,166,0,22.00%,10.60%,82.2,1994
