rank,Name,Team,G,PA,AB,H,HR,FB%,HR/FB,AVG,SLG,ISO,BB%,K%
1,Paul Goldschmidt,STL,98,204,177,68,12,42.3%,20.7%,.384,.712,.328,11.8%,20.1%
2,Teoscar Hernandez,TOR,86,178,165,59,15,42.6%,27.3%,.358,.727,.370,5.6%,21.3%
3,Mike Zunino,TBR,86,169,151,44,18,62.1%,28.1%,.291,.728,.437,10.1%,28.4%
4,Luis Robert,CHW,61,125,115,42,8,33.3%,26.7%,.365,.643,.278,6.4%,20.8%
5,Trea Turner,- - -,128,264,238,85,14,35.8%,19.2%,.357,.630,.273,7.6%,13.6%
6,Ketel Marte,ARI,87,186,171,61,9,37.2%,16.4%,.357,.632,.275,5.9%,12.4%
7,Ronald Acuna Jr.,ATL,64,133,105,31,9,39.5%,28.1%,.295,.600,.305,18.0%,19.5%
8,Buster Posey,SFG,62,119,106,39,6,25.9%,27.3%,.368,.623,.255,10.1%,18.5%
9,Willson Contreras,CHC,94,206,178,54,15,41.2%,27.8%,.303,.629,.326,10.2%,23.8%
10,Yasmani Grandal,CHW,82,141,99,28,6,40.8%,20.7%,.283,.485,.202,27.7%,21.3%
11,Brendan Rodgers,COL,94,194,179,59,12,27.9%,27.9%,.330,.615,.285,6.2%,12.9%
12,Mike Trout,LAA,59,125,97,30,4,33.8%,18.2%,.309,.505,.196,21.6%,25.6%
13,Kyle Garlick,MIN,49,108,98,30,9,40.8%,31.0%,.306,.643,.337,5.6%,26.9%
14,Evan Longoria,SFG,70,134,114,35,9,45.5%,22.5%,.307,.588,.281,13.4%,20.1%
15,Byron Buxton,MIN,64,153,142,42,12,34.3%,35.3%,.296,.634,.338,5.9%,28.1%
16,Nolan Arenado,STL,88,180,162,47,15,53.9%,19.7%,.290,.630,.340,8.3%,12.8%
17,Rhys Hoskins,PHI,107,244,205,54,15,53.0%,18.8%,.263,.580,.317,13.1%,22.5%
18,Jose Abreu,CHW,106,213,188,55,14,38.8%,24.6%,.293,.580,.287,8.9%,19.7%
19,Vladimir Guerrero Jr.,TOR,110,225,190,55,15,29.6%,31.3%,.289,.542,.253,15.6%,12.4%
20,Taylor Ward,LAA,63,139,120,38,5,37.1%,15.2%,.317,.517,.200,11.5%,19.4%
21,Wander Franco,TBR,77,163,150,51,5,34.3%,10.9%,.340,.553,.213,7.4%,10.4%
22,Brandon Drury,- - -,60,112,109,32,9,42.3%,27.3%,.294,.633,.339,1.8%,27.7%
23,Fernando Tatis Jr.,SDP,67,134,116,33,9,36.3%,31.0%,.284,.595,.310,12.7%,26.9%
24,Salvador Perez,KCR,125,255,238,71,21,44.8%,25.9%,.298,.613,.315,4.7%,22.7%
25,Kyle Farmer,CIN,110,197,179,55,12,37.1%,21.4%,.307,.570,.263,6.6%,14.7%
26,Andrew Vaughn,CHW,97,192,168,50,9,38.3%,18.4%,.298,.542,.244,12.0%,20.8%
27,Andrew McCutchen,- - -,122,273,234,64,18,37.5%,26.1%,.274,.564,.291,12.5%,18.7%
28,Javier Baez,- - -,106,209,190,59,11,32.1%,25.0%,.311,.568,.258,6.7%,25.8%
29,Dylan Carlson,STL,99,189,171,58,7,34.9%,15.6%,.339,.538,.199,7.4%,23.3%
30,Tyler O'Neill,STL,70,132,113,33,7,39.7%,22.6%,.292,.558,.265,12.1%,28.0%
31,Aaron Judge,NYY,136,291,248,68,23,41.1%,31.9%,.274,.577,.302,12.4%,26.5%
32,Darin Ruf,SFG,111,227,187,50,13,39.3%,23.6%,.267,.535,.267,15.0%,21.6%
33,Connor Joe,COL,68,166,142,45,5,37.5%,11.9%,.317,.493,.176,12.0%,19.3%
34,Alejandro Kirk,TOR,58,114,101,31,6,32.2%,20.7%,.307,.535,.228,7.9%,10.5%
35,C.J. Cron,COL,121,250,222,65,14,42.5%,20.6%,.293,.554,.261,9.2%,25.2%
36,Bo Bichette,TOR,107,218,198,62,10,31.4%,20.4%,.313,.525,.212,9.2%,19.3%
37,Santiago Espinal,TOR,100,170,154,54,3,32.1%,7.0%,.351,.481,.130,8.8%,12.4%
38,Frank Schwindel,- - -,75,147,134,39,9,39.8%,20.9%,.291,.560,.269,8.8%,17.7%
39,Robbie Grossman,DET,125,279,232,69,9,36.9%,13.8%,.297,.483,.185,13.6%,21.5%
40,Mookie Betts,LAD,107,231,199,56,11,43.3%,16.2%,.281,.518,.236,12.6%,19.0%
41,A.J. Pollock,- - -,96,190,175,52,11,33.6%,23.4%,.297,.549,.251,6.8%,18.4%
42,Trevor Story,- - -,116,229,205,56,12,51.6%,15.2%,.273,.566,.293,8.7%,23.1%
43,Ramon Laureano,OAK,77,189,165,50,4,32.6%,9.5%,.303,.479,.176,10.6%,19.0%
44,Matt Olson,- - -,160,373,322,84,24,43.7%,21.6%,.261,.543,.283,11.5%,19.3%
45,Ryan Zimmerman,WSN,55,116,110,32,7,31.6%,29.2%,.291,.582,.291,4.3%,30.2%
46,Tim Anderson,CHW,79,178,173,59,6,21.6%,20.0%,.341,.520,.179,2.8%,19.1%
47,J.D. Martinez,BOS,130,285,252,76,11,44.7%,12.4%,.302,.520,.218,10.9%,19.3%
48,Kyle Tucker,HOU,137,298,271,76,19,45.8%,17.4%,.280,.561,.280,7.7%,12.4%
49,George Springer,TOR,77,155,129,34,7,39.1%,19.4%,.264,.496,.233,13.5%,24.5%
50,Lane Thomas,- - -,81,175,151,45,5,38.5%,10.6%,.298,.490,.192,12.6%,17.1%
51,Mitch Haniger,SEA,104,236,209,58,16,43.5%,22.9%,.278,.555,.278,9.3%,22.0%
52,Hunter Renfroe,- - -,126,267,234,63,16,44.4%,20.0%,.269,.530,.261,10.5%,21.3%
53,Giancarlo Stanton,NYY,124,249,214,57,15,38.2%,25.9%,.266,.500,.234,12.0%,25.3%
54,Josh Donaldson,- - -,106,225,189,45,15,40.1%,27.3%,.238,.529,.291,14.2%,24.0%
55,Carlos Correa,- - -,127,292,246,72,6,32.7%,9.2%,.293,.447,.154,14.7%,16.4%
56,Jonah Heim,TEX,74,141,127,36,8,35.6%,22.2%,.283,.543,.260,7.8%,19.9%
57,Anthony Rizzo,- - -,132,269,237,67,13,39.0%,16.3%,.283,.494,.211,7.8%,12.3%
58,Kris Bryant,- - -,92,187,166,48,9,41.0%,18.0%,.289,.506,.217,11.2%,23.5%
59,Eduardo Escobar,- - -,131,249,232,68,13,44.7%,15.3%,.293,.547,.254,5.6%,17.7%
60,Carson Kelly,ARI,83,176,151,41,9,47.2%,15.3%,.272,.510,.238,11.9%,15.9%
61,Xander Bogaerts,BOS,135,280,239,72,8,32.8%,13.1%,.301,.456,.155,13.6%,19.6%
62,Albert Pujols,- - -,98,199,183,53,15,34.8%,27.8%,.290,.568,.279,5.0%,16.1%
63,Austin Slater,SFG,138,274,236,64,13,29.9%,25.0%,.271,.496,.225,12.0%,22.6%
64,Yordan Alvarez,HOU,147,329,288,79,17,33.8%,23.3%,.274,.510,.236,10.0%,22.5%
65,Bryce Harper,PHI,134,281,230,62,7,27.7%,16.3%,.270,.439,.170,16.0%,25.3%
66,Brandon Nimmo,NYM,96,233,193,56,3,35.4%,5.8%,.290,.430,.140,12.4%,20.2%
67,Chas McCormick,HOU,69,143,126,34,8,46.7%,19.0%,.270,.524,.254,9.8%,26.6%
68,Nick Castellanos,- - -,115,242,225,68,12,34.8%,19.4%,.302,.520,.218,6.2%,19.8%
69,Ozzie Albies,ATL,115,260,245,74,12,46.0%,12.1%,.302,.547,.245,3.5%,13.1%
70,Ty France,SEA,125,291,257,78,11,29.0%,17.5%,.304,.486,.183,6.5%,15.1%
71,Austin Riley,ATL,107,244,216,61,9,38.7%,15.5%,.282,.514,.231,8.6%,28.7%
72,Corey Seager,- - -,101,220,201,58,12,34.2%,21.8%,.289,.517,.229,6.4%,19.1%
73,Garrett Cooper,MIA,65,128,115,36,4,30.9%,16.0%,.313,.470,.157,8.6%,27.3%
74,Josh Bell,WSN,160,303,254,67,14,29.5%,21.5%,.264,.484,.220,14.5%,12.5%
75,Austin Hays,BAL,122,303,279,81,15,40.3%,16.1%,.290,.523,.233,5.3%,16.2%
76,Shohei Ohtani,LAA,157,340,301,76,21,36.0%,29.2%,.252,.548,.296,10.0%,29.4%
77,Yuli Gurriel,HOU,131,295,261,77,11,46.3%,9.9%,.295,.502,.207,9.8%,8.8%
78,Max Muncy,LAD,118,232,194,46,14,38.1%,23.7%,.237,.490,.253,13.4%,17.2%
79,Jose Altuve,HOU,108,270,245,70,13,42.4%,15.5%,.286,.514,.229,7.8%,15.2%
80,Gleyber Torres,NYY,113,239,215,61,13,47.4%,16.0%,.284,.512,.228,7.9%,18.8%
81,Patrick Wisdom,CHC,111,199,175,43,13,47.4%,28.3%,.246,.520,.274,11.1%,39.2%
82,Bryan Reynolds,PIT,149,289,257,79,7,25.6%,14.0%,.307,.471,.163,10.4%,22.1%
83,Trey Mancini,BAL,138,319,287,82,13,38.1%,15.1%,.286,.495,.209,8.8%,19.4%
84,Chris Taylor,LAD,130,250,222,62,8,38.7%,14.5%,.279,.491,.212,10.8%,30.4%
85,Randy Arozarena,TBR,138,302,265,76,11,37.7%,15.3%,.287,.487,.200,10.6%,24.8%
86,Mike Brosseau,- - -,77,158,137,37,7,43.9%,16.3%,.270,.489,.219,11.4%,25.9%
87,Garrett Hampson,COL,94,196,174,49,5,34.8%,10.9%,.282,.489,.207,9.7%,17.9%
88,Harold Ramirez,- - -,101,197,181,58,3,22.2%,8.8%,.320,.459,.138,7.1%,14.2%
89,Enrique Hernandez,BOS,120,291,248,64,13,45.3%,14.3%,.258,.492,.234,12.7%,17.5%
90,Amed Rosario,CLE,119,271,250,77,7,31.1%,10.8%,.308,.480,.172,7.4%,15.5%
91,Manny Machado,SDP,117,245,205,53,11,47.5%,12.9%,.259,.478,.220,15.1%,11.4%
92,Pete Alonso,NYM,138,285,239,55,21,48.9%,23.1%,.230,.527,.297,13.7%,20.0%
93,Michael Chavis,- - -,66,144,137,39,9,35.2%,28.1%,.285,.540,.255,4.2%,32.6%
94,Jorge Soler,- - -,107,235,200,44,18,50.4%,25.4%,.220,.520,.300,12.3%,25.5%
95,Miguel Rojas,MIA,98,223,196,58,5,33.3%,8.8%,.296,.444,.148,9.0%,11.7%
96,Yadiel Hernandez,WSN,71,123,115,35,4,25.9%,18.2%,.304,.478,.174,6.5%,23.6%
97,Jean Segura,PHI,110,236,213,63,8,28.8%,15.1%,.296,.479,.183,8.9%,12.3%
98,Dansby Swanson,ATL,117,237,210,56,11,38.8%,17.7%,.267,.500,.233,9.3%,21.9%
99,Jose Ramirez,CLE,135,303,274,76,14,48.5%,12.2%,.277,.504,.226,8.6%,12.5%
100,Eric Haase,DET,86,180,170,46,13,38.5%,28.9%,.271,.535,.265,5.0%,30.0%
101,Charlie Culberson,TEX,93,196,181,58,4,27.6%,10.0%,.320,.481,.160,4.1%,18.9%
102,Alec Bohm,PHI,109,231,208,62,6,30.6%,12.2%,.298,.476,.178,7.4%,22.5%
103,Starling Marte,- - -,112,252,233,68,9,28.7%,18.0%,.292,.472,.180,6.3%,22.6%
104,Bobby Dalbec,BOS,125,252,228,60,13,44.1%,20.3%,.263,.504,.241,7.5%,33.3%
105,Ryan Mountcastle,BAL,128,281,257,71,16,36.6%,22.9%,.276,.525,.249,6.8%,25.3%
106,Donovan Solano,- - -,66,136,125,38,5,30.8%,15.2%,.304,.480,.176,5.1%,14.0%
107,Mitch Garver,- - -,75,163,140,33,11,47.5%,22.9%,.236,.507,.271,11.7%,25.8%
108,Juan Soto,WSN,169,367,299,74,15,33.3%,19.0%,.247,.431,.184,16.9%,17.7%
109,Nelson Cruz,- - -,132,299,261,74,13,32.9%,18.8%,.284,.475,.192,9.4%,18.1%
110,Nathaniel Lowe,TEX,142,284,256,72,9,20.0%,24.3%,.281,.453,.172,9.9%,25.0%
111,Tom Murphy,SEA,84,185,151,36,8,36.0%,22.2%,.238,.430,.192,15.7%,28.1%
112,Yandy Diaz,TBR,134,297,260,74,8,33.3%,10.7%,.285,.442,.158,11.8%,12.5%
113,Jose Iglesias,- - -,114,240,226,70,5,30.6%,8.3%,.310,.456,.146,4.6%,12.5%
114,Pedro Severino,BAL,73,161,147,43,7,36.5%,16.7%,.293,.476,.184,7.5%,21.1%
115,Tyler Stephenson,CIN,97,194,170,50,5,31.9%,11.1%,.294,.441,.147,9.8%,16.5%
116,Ke'Bryan Hayes,PIT,95,210,192,58,3,28.3%,6.7%,.302,.443,.141,7.6%,16.2%
117,Luis Urias,MIL,104,192,164,42,9,40.4%,16.4%,.256,.463,.207,10.4%,16.1%
118,Justin Upton,- - -,64,128,108,23,8,48.5%,24.2%,.213,.463,.250,14.8%,31.3%
119,Jorge Alfaro,- - -,66,127,122,33,7,28.0%,33.3%,.270,.516,.246,3.9%,37.0%
120,Kyle Schwarber,- - -,133,281,232,55,11,45.9%,16.2%,.237,.414,.177,14.9%,30.2%
121,Matt Chapman,- - -,123,260,228,54,16,48.4%,20.8%,.237,.491,.254,11.2%,27.7%
122,Elias Diaz,COL,100,209,191,52,8,38.4%,13.8%,.272,.466,.194,8.6%,19.1%
123,Will Smith,LAD,106,204,176,45,10,44.8%,15.4%,.256,.455,.199,11.8%,15.7%
124,Freddie Freeman,- - -,148,307,271,73,10,32.4%,14.5%,.269,.439,.170,9.1%,19.5%
125,Rafael Devers,BOS,161,337,307,89,9,26.7%,13.8%,.290,.436,.147,6.8%,18.7%
126,Yonathan Daza,COL,90,190,175,57,1,24.1%,2.9%,.326,.417,.091,6.3%,15.8%
127,Christian Walker,ARI,111,217,183,47,5,42.0%,7.9%,.257,.415,.158,14.3%,15.7%
128,Brandon Belt,SFG,73,114,91,20,5,50.8%,15.2%,.220,.396,.176,16.7%,21.9%
129,Avisail Garcia,- - -,98,174,148,37,7,33.9%,18.9%,.250,.446,.196,12.6%,23.0%
130,Manuel Margot,TBR,120,259,230,67,4,33.0%,6.2%,.291,.413,.122,10.4%,12.0%
131,Aledmys Diaz,HOU,72,148,134,36,5,38.2%,11.9%,.269,.455,.187,8.8%,16.2%
132,Nick Madrigal,- - -,56,106,101,32,2,20.2%,10.5%,.317,.446,.129,3.8%,6.6%
133,Jonathan Schoop,DET,117,265,243,70,10,35.4%,14.7%,.288,.461,.173,6.4%,20.8%
134,Ian Happ,CHC,114,190,166,45,5,30.4%,14.3%,.271,.422,.151,9.5%,26.8%
135,Tommy Edman,STL,108,233,218,61,7,35.1%,10.6%,.280,.472,.193,5.2%,13.3%
136,Randal Grichuk,- - -,113,223,208,57,9,45.2%,12.0%,.274,.476,.202,5.4%,19.7%
137,Andy Ibanez,TEX,64,141,135,41,3,45.0%,5.6%,.304,.444,.141,3.5%,10.6%
138,Jake Cronenworth,SDP,161,316,279,75,7,35.8%,9.0%,.269,.419,.151,7.3%,19.3%
139,Willy Adames,- - -,117,229,205,48,12,52.2%,16.9%,.234,.468,.234,10.5%,30.1%
140,Rougned Odor,- - -,84,154,135,31,8,44.2%,19.0%,.230,.444,.215,9.1%,23.4%
141,Charlie Blackmon,COL,126,250,222,63,4,32.4%,6.8%,.284,.392,.108,9.2%,15.6%
142,Ryan Jeffers,MIN,80,157,140,35,7,39.6%,19.4%,.250,.443,.193,10.2%,31.2%
143,Jordan Luplow,- - -,74,171,141,25,12,59.8%,21.8%,.177,.461,.284,17.0%,29.2%
144,Victor Caratini,- - -,76,129,111,30,4,30.8%,16.7%,.270,.396,.126,9.3%,26.4%
145,David Fletcher,LAA,101,218,200,61,2,30.6%,3.5%,.305,.400,.095,7.8%,5.5%
146,Josh Rojas,ARI,102,202,178,49,5,28.7%,14.3%,.275,.404,.129,9.9%,27.7%
147,Josh Harrison,- - -,105,207,186,53,3,32.9%,5.8%,.285,.398,.113,4.3%,13.5%
148,Marcus Semien,- - -,127,286,257,63,13,47.0%,13.7%,.245,.459,.214,9.1%,19.9%
149,Jonathan India,CIN,96,188,165,45,3,34.8%,6.5%,.273,.388,.115,9.6%,17.6%
150,Dominic Smith,NYM,95,157,138,41,2,29.4%,6.3%,.297,.391,.094,8.3%,20.4%
151,Francisco Mejia,TBR,78,158,147,43,3,30.0%,8.3%,.293,.415,.122,7.0%,17.1%
152,Yan Gomes,- - -,81,175,170,48,8,34.3%,17.0%,.282,.482,.200,1.7%,19.4%
153,Wilmer Flores,SFG,120,230,207,55,8,41.3%,11.3%,.266,.435,.169,7.8%,16.1%
154,Ha-seong Kim,SDP,103,189,161,40,4,38.6%,7.8%,.248,.404,.155,12.7%,15.9%
155,Franmil Reyes,CLE,94,201,179,43,10,40.4%,21.7%,.240,.453,.212,10.4%,32.3%
156,Carlos Santana,- - -,118,251,222,63,5,21.8%,11.6%,.284,.383,.099,10.8%,10.0%
157,Tommy Pham,- - -,111,236,195,44,8,36.8%,15.1%,.226,.390,.164,16.5%,22.0%
158,Wil Myers,SDP,93,182,157,40,5,36.8%,11.9%,.255,.414,.159,12.6%,24.2%
159,Cesar Hernandez,- - -,139,314,284,72,13,32.7%,18.1%,.254,.437,.183,8.9%,19.1%
160,DJ LeMahieu,NYY,139,304,267,74,6,29.1%,8.7%,.277,.382,.105,10.9%,10.5%
161,Miguel Cabrera,DET,94,223,198,60,3,24.2%,8.1%,.303,.369,.066,10.3%,21.1%
162,Ronald Torreyes,PHI,60,126,116,33,3,38.0%,7.9%,.284,.414,.129,7.1%,12.7%
163,Chad Pinder,OAK,88,195,179,46,7,27.1%,20.0%,.257,.447,.190,6.7%,26.2%
164,Michael A. Taylor,KCR,116,221,200,55,6,32.9%,13.0%,.275,.410,.135,8.1%,26.7%
165,Joc Pederson,- - -,84,141,126,33,4,28.3%,15.4%,.262,.405,.143,7.8%,24.1%
166,Andrew Benintendi,KCR,128,257,236,68,4,32.3%,6.3%,.288,.403,.114,6.2%,15.2%
167,Nick Solak,TEX,96,200,177,46,5,27.4%,13.5%,.260,.379,.119,6.5%,20.5%
168,Mauricio Dubon,- - -,60,116,109,30,5,36.6%,14.7%,.275,.459,.183,5.2%,12.9%
169,Gio Urshela,- - -,107,220,206,58,5,30.0%,10.4%,.282,.432,.150,5.0%,21.8%
170,Luis Torrens,SEA,97,200,186,47,9,32.8%,20.0%,.253,.462,.210,6.0%,25.0%
171,Freddy Galvis,- - -,66,118,112,30,5,43.5%,12.5%,.268,.464,.196,4.2%,16.9%
172,Jorge Polanco,MIN,138,296,276,74,11,44.6%,11.0%,.268,.453,.185,4.4%,16.6%
173,Marwin Gonzalez,- - -,67,131,124,33,3,28.1%,11.1%,.266,.444,.177,5.3%,20.6%
174,Justin Turner,LAD,127,267,237,57,12,46.9%,13.3%,.241,.430,.190,9.4%,18.0%
175,Tyrone Taylor,MIL,82,155,143,36,6,40.6%,14.0%,.252,.427,.175,5.8%,23.9%
176,Alex Bregman,HOU,109,246,210,52,5,44.6%,6.3%,.248,.371,.124,13.4%,13.8%
177,Cedric Mullins II,BAL,148,365,332,87,11,38.0%,11.3%,.262,.410,.148,6.6%,20.3%
178,Eric Hosmer,SDP,133,243,230,67,5,24.9%,10.6%,.291,.409,.117,3.7%,16.9%
179,Kurt Suzuki,LAA,62,129,114,26,6,39.8%,16.2%,.228,.412,.184,6.2%,15.5%
180,Anthony Rendon,LAA,66,136,111,23,6,40.4%,15.8%,.207,.396,.189,16.2%,14.7%
181,Guillermo Heredia,ATL,71,132,117,27,2,36.5%,6.5%,.231,.419,.188,9.1%,25.0%
182,Asdrubal Cabrera,- - -,65,123,109,28,2,30.6%,7.7%,.257,.394,.138,9.8%,20.3%
183,Christian Arroyo,BOS,57,114,106,28,4,39.5%,12.5%,.264,.443,.179,2.6%,22.8%
184,Jesus Aguilar,MIA,94,194,164,39,6,47.5%,10.5%,.238,.396,.159,11.9%,24.7%
185,Dylan Moore,SEA,122,230,192,39,9,50.4%,12.9%,.203,.375,.172,14.3%,23.0%
186,Yadier Molina,STL,61,112,103,26,3,47.1%,7.3%,.252,.427,.175,7.1%,15.2%
187,Joey Votto,CIN,130,247,209,45,6,30.7%,14.3%,.215,.368,.153,12.6%,29.6%
188,J.T. Realmuto,PHI,123,249,219,52,5,31.2%,10.2%,.237,.393,.155,10.0%,25.3%
189,Trent Grisham,SDP,120,226,191,43,7,33.1%,15.6%,.225,.387,.162,9.7%,21.2%
190,Mark Canha,- - -,131,303,265,59,10,38.8%,12.5%,.223,.385,.162,10.2%,19.5%
191,Brandon Crawford,SFG,123,210,186,45,7,43.3%,11.5%,.242,.403,.161,8.1%,22.4%
192,Phil Gosselin,- - -,77,165,150,42,2,43.5%,3.7%,.280,.353,.073,7.9%,15.2%
193,Aaron Hicks,NYY,50,108,93,22,4,31.8%,19.0%,.237,.376,.140,12.0%,25.9%
194,Adam Frazier,- - -,136,258,233,60,4,27.2%,7.5%,.258,.382,.124,6.6%,15.1%
195,Luke Voit,- - -,81,172,148,35,3,31.9%,10.0%,.236,.351,.115,12.8%,31.4%
196,Rowdy Tellez,- - -,87,130,117,29,4,36.4%,12.5%,.248,.376,.128,7.7%,22.3%
197,Luis Rengifo,LAA,57,115,103,26,5,33.7%,17.9%,.252,.408,.155,5.2%,17.4%
198,David Bote,CHC,59,104,92,20,4,43.9%,13.8%,.217,.424,.207,9.6%,26.0%
199,Nick Ahmed,ARI,86,174,159,37,4,39.2%,8.2%,.233,.440,.208,7.5%,20.1%
200,Victor Robles,WSN,94,180,150,37,1,38.8%,2.5%,.247,.327,.080,10.0%,22.2%
201,Austin Nola,SDP,75,161,146,42,1,40.2%,1.9%,.288,.370,.082,6.2%,10.6%
202,Niko Goodrum,- - -,55,116,102,26,2,22.4%,13.3%,.255,.363,.108,10.3%,31.0%
203,Anthony Santander,BAL,119,251,230,58,8,38.9%,12.7%,.252,.413,.161,6.4%,28.3%
204,Francisco Lindor,NYM,127,264,231,55,8,42.5%,9.8%,.238,.390,.152,10.2%,15.2%
205,Stephen Piscotty,OAK,64,123,109,27,2,38.1%,6.3%,.248,.367,.119,10.6%,20.3%
206,Hanser Alberto,- - -,98,178,170,47,3,38.8%,5.3%,.276,.418,.141,2.2%,12.4%
207,Odubel Herrera,PHI,100,191,174,46,3,25.7%,8.3%,.264,.385,.121,4.7%,16.2%
208,Joey Gallo,- - -,143,278,233,42,12,49.1%,21.8%,.180,.373,.193,14.7%,41.4%
209,Oscar Mercado,CLE,77,153,138,35,2,37.3%,4.9%,.254,.370,.116,8.5%,17.6%
210,Gary Sanchez,- - -,98,195,173,35,9,49.2%,15.0%,.202,.416,.214,10.3%,26.2%
211,Lourdes Gurriel Jr.,TOR,120,208,195,52,5,27.8%,11.9%,.267,.415,.149,4.8%,22.1%
212,Nico Hoerner,CHC,63,119,108,30,0,28.1%,0.0%,.278,.361,.083,8.4%,10.9%
213,Bryan De La Cruz,MIA,55,103,93,24,2,24.2%,12.5%,.258,.355,.097,9.7%,26.2%
214,Eugenio Suarez,- - -,130,233,200,39,8,42.7%,15.1%,.195,.385,.190,12.4%,33.0%
215,J.D. Davis,NYM,77,149,125,29,2,27.6%,9.5%,.232,.320,.088,14.1%,33.6%
216,Yoan Moncada,CHW,90,181,160,39,3,23.5%,12.5%,.244,.350,.106,8.3%,32.0%
217,Alcides Escobar,WSN,68,146,133,35,0,33.0%,0.0%,.263,.353,.090,4.8%,20.5%
218,Thairo Estrada,SFG,71,132,120,29,4,25.5%,15.4%,.242,.400,.158,7.6%,14.4%
219,Hunter Dozier,KCR,121,239,208,47,4,40.3%,6.9%,.226,.356,.130,10.9%,27.2%
220,Jonathan Villar,- - -,109,199,183,48,3,23.3%,10.0%,.262,.372,.109,7.5%,26.6%
221,Tony Kemp,OAK,84,157,125,27,2,33.3%,7.1%,.216,.280,.064,14.6%,22.3%
222,Ji-Man Choi,TBR,68,108,99,26,0,26.8%,0.0%,.263,.354,.091,7.4%,38.9%
223,Sean Murphy,OAK,113,233,198,39,9,40.1%,15.8%,.197,.379,.182,11.2%,25.3%
224,Jesse Winker,- - -,110,208,179,37,6,31.8%,14.3%,.207,.346,.140,13.5%,22.1%
225,Adam Duvall,- - -,105,211,193,38,12,57.1%,16.7%,.197,.435,.238,8.5%,31.8%
226,Miguel Sano,MIN,89,196,170,38,5,36.0%,12.5%,.224,.335,.112,12.8%,30.1%
227,Jeimer Candelario,DET,103,230,216,53,5,36.6%,8.3%,.245,.398,.153,5.2%,22.6%
228,Jeff McNeil,NYM,115,189,171,46,0,33.6%,0.0%,.269,.322,.053,7.9%,17.5%
229,Kyle Higashioka,NYY,60,118,111,24,7,55.3%,14.9%,.216,.450,.234,4.2%,22.9%
230,Clint Frazier,- - -,59,114,93,19,1,34.5%,5.0%,.204,.280,.075,17.5%,29.8%
231,Brett Gardner,NYY,73,115,95,24,1,22.7%,6.7%,.253,.305,.053,10.4%,26.1%
232,Kolten Wong,MIL,98,201,184,46,4,33.6%,7.8%,.250,.370,.120,7.0%,14.4%
233,Kevin Kiermaier,TBR,99,167,154,41,0,24.5%,0.0%,.266,.344,.078,5.4%,28.7%
234,Robinson Chirinos,- - -,56,102,89,18,3,43.9%,12.0%,.202,.382,.180,10.8%,32.4%
235,Whit Merrifield,KCR,131,303,276,71,5,37.7%,5.6%,.257,.384,.127,6.6%,12.5%
236,Kyle Seager,SEA,103,234,219,48,13,48.1%,17.3%,.219,.438,.219,5.6%,27.4%
237,Christian Yelich,MIL,127,226,198,46,4,21.3%,13.3%,.232,.348,.116,11.1%,26.1%
238,Luis Garcia,WSN,55,102,100,28,1,11.3%,11.1%,.280,.390,.110,2.0%,19.6%
239,Ryan McMahon,COL,134,266,230,52,5,32.5%,9.4%,.226,.335,.109,11.3%,24.8%
240,Jon Berti,MIA,77,149,127,26,3,24.7%,13.6%,.205,.339,.134,14.1%,26.2%
241,Ramon Urias,BAL,86,188,169,38,6,30.3%,16.7%,.225,.373,.148,9.0%,26.6%
242,Willi Castro,DET,95,187,178,49,2,30.4%,4.4%,.275,.388,.112,2.7%,16.6%
243,Brandon Lowe,TBR,118,223,205,42,13,45.5%,21.3%,.205,.429,.224,6.7%,31.8%
244,Juan Lagares,LAA,71,142,133,31,3,42.9%,6.7%,.233,.421,.188,4.2%,19.7%
245,Kevin Pillar,- - -,70,129,124,30,6,48.0%,12.8%,.242,.427,.185,2.3%,20.9%
246,J.P. Crawford,SEA,158,356,325,81,7,30.9%,8.6%,.249,.366,.117,6.2%,18.0%
247,Raimel Tapia,- - -,101,170,159,46,0,8.1%,0.0%,.289,.346,.057,4.7%,15.3%
248,Daulton Varsho,ARI,88,159,148,38,3,39.6%,7.5%,.257,.372,.115,5.7%,21.4%
249,Yoshi Tsutsugo,- - -,64,111,100,24,3,36.8%,12.0%,.240,.390,.150,7.2%,31.5%
250,David Peralta,ARI,92,131,119,27,2,30.1%,7.1%,.227,.361,.134,8.4%,19.8%
251,James McCann,NYM,89,160,141,32,4,37.4%,10.0%,.227,.348,.121,8.8%,22.5%
252,Luis Arraez,MIN,101,176,154,38,0,27.7%,0.0%,.247,.312,.065,10.8%,14.8%
253,Danny Mendick,CHW,60,106,98,25,2,40.3%,6.9%,.255,.337,.082,7.5%,22.6%
254,Joey Wendle,- - -,83,152,132,29,2,27.4%,7.7%,.220,.333,.114,9.2%,24.3%
255,Leury Garcia,CHW,105,178,162,44,1,24.4%,3.3%,.272,.352,.080,4.5%,22.5%
256,Adolis Garcia,TEX,139,300,284,62,14,41.1%,18.4%,.218,.415,.197,4.7%,33.0%
257,Jed Lowrie,OAK,98,226,206,51,3,37.1%,5.1%,.248,.340,.092,8.0%,21.7%
258,Harrison Bader,STL,73,127,117,26,4,48.3%,9.3%,.222,.376,.154,6.3%,22.0%
259,Matt Duffy,- - -,79,163,147,37,0,25.4%,0.0%,.252,.299,.048,8.6%,16.6%
260,Nicky Lopez,KCR,114,199,177,47,1,19.5%,3.4%,.266,.322,.056,5.5%,13.1%
261,Ben Gamel,- - -,81,141,125,30,1,37.1%,3.0%,.240,.336,.096,7.1%,24.1%
262,Kelvin Gutierrez,- - -,55,102,93,21,2,23.1%,13.3%,.226,.355,.129,6.9%,27.5%
263,Martin Maldonado,HOU,94,185,166,32,8,42.7%,17.0%,.193,.367,.175,8.6%,29.7%
264,Willians Astudillo,- - -,49,100,95,23,3,42.2%,7.9%,.242,.379,.137,3.0%,6.0%
265,Michael Conforto,NYM,83,146,122,25,1,32.9%,3.6%,.205,.246,.041,13.0%,25.3%
266,Jack Mayfield,- - -,62,132,122,26,5,44.4%,12.5%,.213,.377,.164,6.1%,22.7%
267,Austin Barnes,LAD,66,114,99,18,4,41.1%,13.3%,.182,.333,.152,10.5%,22.8%
268,Michael Brantley,HOU,123,267,247,60,3,25.8%,5.5%,.243,.332,.089,5.6%,13.1%
269,Jazz Chisholm Jr.,MIA,93,189,174,38,5,35.7%,12.2%,.218,.374,.155,4.2%,32.3%
270,Jurickson Profar,SDP,109,208,178,35,3,28.3%,7.0%,.197,.303,.107,12.5%,13.5%
271,Christian Vazquez,BOS,108,212,199,48,3,40.7%,4.5%,.241,.352,.111,5.2%,18.4%
272,Aristides Aquino,CIN,81,147,128,22,7,50.0%,17.1%,.172,.367,.195,11.6%,32.7%
273,Yu Chang,- - -,79,168,158,34,5,44.0%,10.4%,.215,.380,.165,4.8%,29.8%
274,Eddie Rosario,- - -,69,129,120,30,2,28.7%,6.9%,.250,.342,.092,4.7%,15.5%
275,Abraham Toro,- - -,96,197,176,40,1,43.8%,1.6%,.227,.290,.063,8.6%,15.7%
276,Max Stassi,LAA,72,137,120,24,2,32.5%,7.7%,.200,.292,.092,12.4%,29.2%
277,Myles Straw,- - -,132,290,260,61,0,25.1%,0.0%,.235,.273,.038,10.3%,20.7%
278,Gavin Lux,LAD,95,157,139,31,1,29.4%,3.3%,.223,.281,.058,10.8%,24.2%
279,Paul DeJong,STL,60,107,94,15,4,55.9%,12.1%,.160,.340,.181,10.3%,32.7%
280,Alex Verdugo,BOS,131,275,255,62,2,25.0%,3.7%,.243,.310,.067,5.8%,14.5%
281,Jorge Mateo,- - -,85,159,151,33,4,35.7%,11.4%,.219,.358,.139,3.8%,32.1%
282,Max Kepler,MIN,114,207,180,34,3,41.2%,4.9%,.189,.300,.111,10.1%,16.4%
283,Kevin Newman,PIT,100,193,178,41,3,41.7%,4.3%,.230,.354,.124,5.2%,4.7%
284,Edmundo Sosa,STL,68,118,106,20,1,33.8%,3.7%,.189,.340,.151,4.2%,22.9%
285,Trevor Larnach,MIN,77,141,129,28,2,34.9%,6.9%,.217,.318,.101,7.1%,33.3%
286,Andrelton Simmons,- - -,94,182,165,37,2,29.7%,4.9%,.224,.291,.067,8.2%,14.8%
287,Owen Miller,CLE,73,174,157,32,4,29.2%,12.1%,.204,.325,.121,8.0%,26.4%
288,Jake Marisnick,- - -,70,117,107,22,2,44.4%,6.3%,.206,.346,.140,5.1%,29.1%
289,Pavin Smith,ARI,117,207,188,42,2,32.4%,4.4%,.223,.293,.069,7.2%,24.6%
290,Jose Trevino,- - -,64,126,116,25,2,34.7%,5.7%,.216,.319,.103,6.3%,11.9%
291,Jacob Stallings,- - -,94,185,165,33,4,32.3%,9.5%,.200,.303,.103,9.7%,20.0%
292,Jared Walsh,LAA,138,265,252,49,12,29.3%,22.6%,.194,.369,.175,4.2%,27.2%
293,Isiah Kiner-Falefa,- - -,123,276,260,62,2,26.2%,3.4%,.238,.304,.065,4.0%,13.0%
294,Colin Moran,- - -,76,117,103,19,2,25.7%,10.5%,.184,.272,.087,10.3%,24.8%
295,Tyler Naquin,CIN,70,106,95,19,2,27.1%,10.5%,.200,.284,.084,7.5%,23.6%
296,Taylor Walls,TBR,72,132,116,23,0,40.2%,0.0%,.198,.250,.052,12.1%,22.0%
297,Austin Meadows,- - -,111,228,202,41,3,51.6%,3.8%,.203,.287,.084,7.9%,22.4%
298,Kole Calhoun,- - -,65,105,97,19,2,41.7%,6.7%,.196,.309,.113,6.7%,23.8%
299,Didi Gregorius,PHI,91,147,125,21,3,45.1%,6.5%,.168,.280,.112,6.1%,17.7%
300,Jesus Sanchez,MIA,62,119,113,23,4,35.8%,16.7%,.204,.345,.142,4.2%,38.7%
301,Ernie Clement,CLE,54,111,103,21,3,36.4%,9.4%,.204,.301,.097,3.6%,12.6%
302,Pat Valaika,BAL,56,113,103,22,2,48.1%,5.1%,.214,.291,.078,7.1%,21.2%
303,Marcell Ozuna,ATL,68,145,132,25,3,31.3%,10.0%,.189,.280,.091,8.3%,24.8%
304,Bradley Zimmer,- - -,66,107,93,18,1,22.0%,9.1%,.194,.247,.054,7.5%,37.4%
305,Josh Naylor,CLE,78,155,141,28,2,27.5%,7.1%,.199,.277,.078,6.5%,25.8%
306,Brandon Marsh,LAA,81,150,139,33,1,20.5%,5.9%,.237,.266,.029,4.7%,37.3%
307,Maikel Franco,- - -,106,222,205,40,3,30.2%,6.3%,.195,.307,.112,5.9%,22.1%
308,Austin Hedges,CLE,76,140,124,20,6,50.6%,13.6%,.161,.323,.161,7.9%,26.4%
309,Mike Yastrzemski,SFG,103,190,171,29,5,39.5%,10.6%,.170,.292,.123,7.4%,27.4%
310,Eli White,TEX,66,142,124,20,2,42.9%,6.1%,.161,.242,.081,11.3%,28.9%
311,Jackie Bradley Jr.,- - -,86,121,104,17,2,27.8%,10.0%,.163,.250,.087,11.6%,28.1%
312,Elvis Andrus,OAK,129,266,242,49,2,29.4%,3.5%,.202,.273,.070,6.8%,17.7%
313,Akil Baddoo,DET,67,119,109,23,0,28.8%,0.0%,.211,.248,.037,7.6%,31.1%
314,Ryan McKenna,BAL,61,116,102,17,1,24.2%,6.7%,.167,.235,.069,9.5%,33.6%
315,Lorenzo Cain,MIL,67,127,112,17,1,34.8%,3.1%,.152,.232,.080,11.8%,15.7%
316,Tomas Nido,NYM,47,103,97,20,1,23.9%,5.9%,.206,.258,.052,5.8%,25.2%
317,Jarred Kelenic,SEA,83,165,151,25,2,34.7%,5.7%,.166,.238,.073,8.5%,29.7%
318,Cody Bellinger,LAD,104,188,172,27,2,36.5%,4.3%,.157,.233,.076,8.0%,25.0%
319,Gregory Polanco,PIT,63,106,93,16,0,36.1%,0.0%,.172,.204,.032,7.5%,34.0%
320,Sergio Alcantara,- - -,64,107,93,14,0,29.6%,0.0%,.151,.194,.043,10.3%,22.4%
321,Keston Hiura,MIL,64,118,107,15,2,42.6%,8.7%,.140,.206,.065,7.6%,44.9%
322,Sheldon Neuse,- - -,59,120,117,20,1,21.7%,5.6%,.171,.231,.060,2.5%,28.3%
