Name,Team,TBF,HR,FB%,HardHit%,EV,playerid
Billy Wagner,ATL,268,5,44.40%,,,578
Emmanuel Clase,- - -,487,5,18.50%,31.30%,86.2,21032
Mariano Rivera,NYY,751,11,32.80%,,,844
Devin Williams,MIL,505,8,33.30%,28.00%,85,15816
Josh Hader,MIL,1163,36,51.20%,31.80%,87.8,14212
Joe Barlow,TEX,209,5,46.00%,37.90%,90,22296
Carson Smith,- - -,415,4,18.70%,33.60%,87.5,13172
Craig Kimbrel,- - -,2588,53,40.00%,36.00%,89.9,6655
J.P. Feyereisen,- - -,357,8,50.40%,39.50%,88.9,16610
Mike Adams,- - -,959,17,36.10%,,,1937
Clayton Kershaw,LAD,8668,181,33.10%,30.40%,87.1,2036
Aroldis Chapman,- - -,2505,40,36.40%,31.20%,86.6,10233
Jesse Crain,- - -,892,17,45.10%,,,4817
Scott Elbert,LAD,296,4,39.50%,,,7489
Kenley Jansen,- - -,2900,66,45.50%,24.80%,85.2,3096
Koji Uehara,- - -,1583,53,52.00%,26.80%,86.6,9227
Tony Gonsolin,LAD,837,20,42.20%,33.30%,88.5,19388
Jacob Webb,ATL,324,8,40.10%,31.80%,88.1,19274
Tejay Antone,CIN,269,7,36.50%,34.50%,87.2,16233
Jacob deGrom,NYM,4978,108,33.50%,30.20%,87,10954
Darren O'Day,- - -,2005,58,42.40%,27.70%,85.9,3321
Javier Lopez,- - -,1203,10,21.70%,28.30%,86.8,1663
Paco Rodriguez,LAD,329,6,29.40%,16.10%,82.5,13398
Dellin Betances,- - -,1613,26,31.30%,27.40%,85.2,6216
Garrett Crochet,CHW,252,2,37.90%,39.30%,88.9,27463
Jose Fernandez,MIA,1888,31,32.50%,35.90%,88.9,11530
Luis Ayala,- - -,696,14,28.80%,,,1650
Garrett Whitlock,BOS,497,12,34.00%,38.80%,88.8,20191
Reyes Moronta,- - -,587,10,43.50%,29.20%,86.1,14966
Felipe Vazquez,- - -,1348,22,31.80%,33.40%,87,12076
David Bednar,- - -,447,12,42.30%,37.10%,88.8,19569
Darren Oliver,- - -,884,16,32.80%,,,206
Joaquin Benoit,- - -,1887,52,43.40%,27.90%,86.2,1437
Alex Torres,- - -,660,9,33.20%,28.30%,87.2,7038
Santiago Casilla,- - -,2010,38,31.90%,30.90%,87.3,2873
Alek Manoah,TOR,778,17,40.60%,28.70%,86.7,26410
Jonny Venters,- - -,1163,13,16.00%,43.70%,91.6,7175
Sean Burnett,- - -,807,15,25.30%,27.80%,88.3,1886
Tony Zych,SEA,309,3,32.40%,27.30%,84.8,12876
Ken Giles,- - -,1439,28,37.10%,34.60%,88.3,12910
Roberto Osuna,- - -,1227,28,40.40%,33.20%,87.1,13764
Victor Gonzalez,LAD,235,3,20.80%,31.60%,83.9,16408
Sean Marshall,- - -,987,8,23.70%,,,5905
David Robertson,- - -,2569,55,34.90%,36.20%,88.6,8241
Shane McClanahan,TBR,837,25,30.10%,41.20%,90.2,21483
Scott Downs,- - -,1007,12,22.50%,,,773
Francisley Bueno,KCR,242,3,34.60%,,,5980
Pat Neshek,- - -,1487,42,47.60%,26.30%,86.2,4682
J.J. Putz,- - -,868,17,37.20%,,,1795
Rafael Soriano,- - -,1234,27,44.80%,40.00%,87.8,1100
Drew Smith,NYM,435,15,46.80%,40.50%,89.7,17755
Seranthony Dominguez,PHI,445,8,30.40%,35.10%,88,19249
Alex Reyes,STL,624,12,43.70%,28.00%,86.6,15015
Mike Soroka,ATL,871,15,24.40%,36.90%,88.3,18383
Jonathan Papelbon,- - -,1751,36,41.20%,38.00%,89.7,5975
Casey Sadler,- - -,518,10,28.40%,33.80%,87.6,11209
Mark Melancon,- - -,2766,41,22.20%,31.80%,87,4264
Blake Treinen,- - -,2066,34,22.90%,31.50%,86.5,12572
Brad Ziegler,- - -,2405,28,15.10%,35.40%,88.6,7293
Brian Wilson,- - -,838,10,34.90%,,,6485
Nick Anderson,- - -,346,11,49.70%,41.80%,89.9,18337
Tony Watson,- - -,2620,63,35.20%,28.20%,86,3132
Nick Sandlin,CLE,225,4,37.90%,28.80%,84.1,20517
Dustin May,LAD,458,15,25.50%,34.40%,87.7,19716
Rich Thompson,- - -,319,8,41.70%,,,6422
Will Harris,- - -,1707,40,29.30%,32.20%,87.6,3192
Jordan Romano,TOR,494,15,35.50%,40.10%,89.9,16122
Steve Cishek,- - -,2844,47,32.80%,30.40%,86.3,6483
Cliff Lee,- - -,3838,89,35.20%,,,1636
Ryan Madson,- - -,1431,27,31.70%,31.10%,86.9,1852
Jared Hughes,- - -,2247,47,21.00%,34.90%,88.1,9325
Vic Black,- - -,224,3,39.30%,,,9195
Kwang-hyun Kim,STL,606,15,32.30%,34.70%,87.8,27458
Vinnie Pestano,- - -,856,24,44.90%,26.30%,90.5,4782
Joel Hanrahan,- - -,859,19,38.00%,,,2186
Joe Smith,- - -,2508,51,27.40%,36.50%,88.8,3281
Huston Street,- - -,1396,45,44.00%,27.60%,87.2,8258
Grant Balfour,- - -,1306,26,41.90%,25.00%,87.6,718
Jordan Walden,- - -,930,13,37.90%,42.30%,88.8,3271
Giovanny Gallegos,- - -,885,23,47.00%,38.10%,89.5,14986
Walker Buehler,LAD,2558,68,34.20%,36.00%,88.6,19374
Julio Urias,LAD,2025,49,40.10%,28.10%,85.9,14765
Hirokazu Sawamura,BOS,332,11,34.00%,44.30%,89.7,27515
Chris Sale,- - -,6727,178,36.00%,30.20%,87,10603
Neal Cotts,- - -,778,20,39.30%,29.70%,87.3,1797
Joe Thatcher,- - -,721,12,38.60%,19.40%,83.6,4620
AJ Ramos,- - -,1580,25,41.20%,28.40%,85.9,8350
Tyler Clippard,- - -,3129,94,55.50%,29.60%,86.7,5640
Kevin Siegrist,- - -,1024,25,44.70%,28.70%,87.4,8180
Tyler Rogers,SFG,662,8,23.90%,31.60%,84.9,15541
Blake Taylor,HOU,350,9,39.10%,27.70%,84.5,16418
Justin Verlander,- - -,8974,240,42.50%,32.80%,87.8,8700
Nabil Crismatt,- - -,513,12,30.20%,33.50%,88.5,17732
Chris Withrow,- - -,382,11,39.70%,25.20%,85,7161
Richard Bleier,- - -,1097,17,19.00%,38.10%,88.7,7803
Jeremy Jeffress,- - -,1793,31,21.90%,32.20%,86.5,9490
Pedro Baez,- - -,1489,40,43.80%,28.50%,87.1,5420
Max Scherzer,- - -,9481,267,43.60%,31.40%,87.2,3137
Jose Arredondo,CIN,489,12,36.60%,,,4722
Yoervis Medina,- - -,635,10,28.40%,35.70%,89.3,10498
Alex Colome,- - -,2159,44,32.40%,37.40%,89.6,6661
Matt Thornton,- - -,1354,18,30.00%,37.10%,88.1,1918
Josh Staumont,KCR,580,13,46.10%,44.40%,91.6,18335
Dan Jennings,- - -,1512,25,24.50%,32.90%,87.2,8073
George Kontos,- - -,1458,38,35.30%,29.90%,87,9486
Camilo Doval,SFG,240,7,32.40%,35.70%,86.9,21992
Arodys Vizcaino,- - -,859,19,41.00%,35.50%,89.2,5498
Anthony Bender,MIA,308,8,26.70%,33.30%,87.9,19742
Raisel Iglesias,- - -,2058,64,36.70%,30.30%,86.9,17130
Tanner Houck,BOS,530,7,30.90%,35.80%,88,19879
Takashi Saito,- - -,389,10,40.30%,,,6021
Ranger Suarez,PHI,1036,22,26.30%,32.50%,87,17277
Taylor Rogers,- - -,1406,31,30.20%,34.90%,88.6,13449
Zack Britton,- - -,2643,39,17.60%,33.30%,88,3240
Aaron Bummer,CHW,857,13,17.00%,40.60%,89.4,16258
Bryan Morris,- - -,1007,22,23.70%,33.90%,88.8,10234
Joel Payamps,- - -,350,6,37.80%,33.90%,87.5,14332
Donnie Hart,- - -,389,8,29.30%,29.40%,86,15306
Jason Motte,- - -,1346,39,41.90%,31.40%,87.4,5861
Luke Gregerson,- - -,2200,51,30.60%,33.30%,87,4090
Greg Holland,- - -,2271,43,36.40%,35.50%,88.4,7196
Pedro Strop,- - -,2081,34,27.30%,29.80%,87.4,4070
Aaron Loup,- - -,1818,31,26.20%,32.50%,86.9,10343
Rafael Perez,CLE,560,6,26.10%,,,4078
Cody Allen,- - -,1943,55,45.50%,35.90%,89.4,12183
Jason Frasor,- - -,1251,25,35.50%,36.90%,88.3,1906
Corbin Burnes,MIL,1621,40,32.40%,33.60%,87.2,19361
Edwin Diaz,- - -,1507,43,39.50%,35.30%,87.9,14710
Al Alburquerque,- - -,1045,17,30.90%,29.50%,87.8,6324
Cesar Jimenez,- - -,262,4,40.20%,20.70%,83.5,3762
Ryan Buchter,- - -,986,33,53.10%,34.10%,87.7,9456
Scott Alexander,- - -,855,14,13.60%,36.50%,87.9,10591
Chad Green,NYY,1521,55,46.30%,42.00%,90,15552
Arthur Rhodes,- - -,355,12,46.00%,,,1097
J.P. Howell,- - -,1248,25,26.10%,25.00%,86.8,8245
Alex Lange,DET,273,6,28.30%,47.30%,91,19883
Glen Perkins,MIN,1416,34,38.00%,34.00%,89.1,8041
Sandy Alcantara,- - -,2413,57,31.60%,36.40%,87.4,18684
A.J. Schugel,- - -,391,9,29.90%,41.40%,89.6,11432
Gerrit Cole,- - -,6180,164,34.90%,36.10%,88.1,13125
Sean Doolittle,- - -,1801,48,52.70%,34.80%,88.3,1581
Zach Putnam,- - -,629,13,31.50%,33.20%,87.7,9080
Mike Clevinger,- - -,2306,61,38.00%,32.30%,87.1,12808
Bobby Cassevah,LAA,280,3,18.50%,,,6950
Diego Castillo,- - -,939,28,33.10%,34.30%,87.9,17496
Kelvin Herrera,- - -,2141,50,32.30%,33.90%,87.6,6033
Seth Maness,- - -,1015,23,21.50%,35.90%,89.1,12235
Michael Kopech,CHW,577,17,47.80%,36.70%,89.3,17282
Corey Kluber,- - -,6018,148,34.00%,32.10%,87,2429
Joe Nathan,- - -,986,21,40.00%,40.00%,91,1122
Wilton Lopez,- - -,1177,23,25.40%,,,4227
Johnny Cueto,- - -,7138,169,33.50%,33.70%,87.8,6893
Victor Arano,- - -,399,9,36.40%,32.50%,87.4,15915
Kris Medlen,- - -,2173,45,31.40%,36.70%,89.1,9417
Connor Brogdon,PHI,352,11,40.70%,31.10%,86.6,21205
Ryan Helsley,STL,505,12,41.30%,39.50%,89.8,18138
Sergio Romo,- - -,2632,80,42.40%,25.70%,85.6,9817
Troy Patton,- - -,645,17,37.10%,,,8368
A.J. Puk,OAK,227,4,27.70%,34.70%,87.9,19343
Casey Janssen,- - -,1331,31,35.90%,28.50%,87.4,7355
Keegan Thompson,CHC,491,16,37.30%,38.60%,88.8,19795
Anthony Varvaro,- - -,771,15,32.40%,35.10%,88.2,2385
Francisco Rodriguez,- - -,1878,57,34.60%,34.10%,88.4,1642
Stephen Strasburg,WSN,5962,149,33.00%,34.40%,88.2,10131
Caleb Thielbar,MIN,855,18,47.60%,32.00%,86.6,10078
Max Fried,ATL,2206,50,24.80%,35.80%,87.4,13743
Shane Bieber,CLE,2363,68,33.20%,41.30%,90,19427
Roy Halladay,PHI,2854,64,31.30%,,,1303
Bobby Parnell,- - -,1048,11,24.70%,31.00%,89.3,9926
Corey Knebel,- - -,1215,33,37.40%,37.30%,89.2,15010
Hyun-Jin Ryu,- - -,4115,107,30.60%,34.20%,87.8,14444
Drew Steckenrider,- - -,816,24,41.90%,36.60%,89.1,18806
Ryan Pressly,- - -,2058,46,31.30%,37.30%,89,7005
Hunter Strickland,- - -,1414,32,40.00%,32.40%,88.1,7836
Dakota Hudson,STL,1371,33,23.60%,38.20%,88.8,19206
Richard Rodriguez,- - -,939,34,47.30%,40.20%,90.3,13549
David Price,- - -,8097,200,35.50%,33.50%,87.7,3184
Jimmie Sherfy,- - -,252,8,43.90%,26.50%,86.9,15118
Eric O'Flaherty,- - -,1240,21,24.10%,34.20%,88.4,5746
Nick Vincent,- - -,1681,43,43.70%,32.20%,87.2,7555
Scott Barlow,KCR,930,20,37.10%,35.90%,88.1,14993
Chad Jenkins,TOR,421,11,32.80%,33.30%,89.5,10326
John Brebbia,- - -,932,23,49.30%,33.10%,87.5,12777
Andrew Chafin,- - -,1509,22,27.90%,34.40%,88.1,12988
Seunghwan Oh,- - -,939,29,45.60%,31.50%,87.4,18719
Rich Hill,- - -,3297,89,40.00%,32.40%,87.5,4806
Jose Leclerc,TEX,806,12,46.90%,26.50%,86.2,14524
Cole Sulser,- - -,481,9,39.80%,37.20%,88.3,15256
Dylan Floro,- - -,1023,13,27.50%,32.30%,87.2,13394
Zack Greinke,- - -,9193,241,32.50%,32.80%,87.7,1943
Keone Kela,- - -,933,26,38.90%,33.60%,88.3,14696
Sam Tuivailala,- - -,552,12,34.20%,30.70%,87.3,13485
Madison Bumgarner,- - -,8593,239,37.80%,36.00%,88.9,5524
Cole Hamels,- - -,8086,214,33.50%,36.10%,88.4,4972
Jeremy Affeldt,SFG,1288,19,21.00%,38.90%,90.9,583
Hunter Wood,- - -,394,12,40.70%,29.50%,87.2,15091
Doug Slaten,- - -,313,6,37.60%,,,3107
Jeremy Horst,- - -,317,7,43.80%,,,596
Zac Gallen,- - -,1438,43,36.10%,37.00%,87.8,19291
Joe Ryan,MIN,318,10,53.60%,33.50%,86.8,21390
Andrew Miller,- - -,2401,58,33.00%,29.90%,86.4,6785
Chris Carpenter,STL,2037,39,31.10%,,,1292
Shohei Ohtani,LAA,1033,29,37.20%,37.20%,87.8,19755
Hiroki Kuroda,- - -,4183,104,31.90%,,,3283
Brandon Woodruff,MIL,2040,55,33.70%,32.60%,86.3,16162
Noah Syndergaard,- - -,3193,70,30.20%,30.30%,86.7,11762
Trevor Rosenthal,- - -,1570,19,34.20%,33.60%,87.3,10745
Brandon Beachy,- - -,1136,28,42.80%,39.30%,90.2,8851
Tsuyoshi Wada,CHC,425,12,38.70%,40.90%,89.7,13046
Steven Okert,- - -,440,14,48.10%,33.90%,87.9,13580
Chris Perez,- - -,1193,32,43.00%,,,5213
Genesis Cabrera,STL,620,13,37.40%,33.40%,86.9,17490
Evan Meek,- - -,588,10,28.20%,,,5109
Matt Capps,- - -,699,21,36.60%,,,4788
Drew Rasmussen,- - -,616,15,28.30%,44.30%,90.3,25385
Yusmeiro Petit,- - -,2691,87,45.10%,32.50%,87.4,4020
Adam Cimber,- - -,980,17,27.00%,34.30%,87.1,15288
Jean Machi,- - -,776,18,29.80%,34.90%,88.9,3220
Brandon League,- - -,1399,19,21.40%,,,3731
Jorge Alcala,MIN,340,13,38.00%,34.50%,86.7,19459
Dan Otero,- - -,1657,37,20.30%,35.20%,87.7,7385
Jeurys Familia,- - -,2236,41,26.70%,33.60%,86.9,5114
Brad Lidge,- - -,330,6,38.60%,,,563
Joe Mantiply,- - -,322,3,26.60%,36.30%,87,14857
A.J. Minter,ATL,885,10,36.80%,33.00%,87.2,18655
Jack Flaherty,STL,2004,68,36.40%,32.90%,87.2,17479
Josh Johnson,- - -,2160,38,31.90%,,,4567
Randy Choate,- - -,864,11,21.30%,27.40%,86.8,813
Sam Dyson,- - -,1619,31,20.00%,34.20%,88.2,11710
LaTroy Hawkins,- - -,1132,21,27.20%,38.80%,89.6,729
Edgar Santana,- - -,527,16,32.30%,36.80%,88.6,17355
Ryan Webb,- - -,1556,18,22.50%,37.60%,89.7,7474
Felix Hernandez,SEA,7497,184,29.30%,36.00%,89.2,4772
Dale Thayer,- - -,983,27,38.10%,25.40%,88.3,5032
Pedro Feliciano,NYM,331,2,23.70%,,,1601
Cristian Javier,HOU,870,31,52.10%,37.10%,89.1,17606
Craig Stammen,- - -,3193,77,28.70%,33.20%,87.6,7274
Luis Severino,NYY,2468,70,32.70%,34.80%,88,15890
Justin Wilson,- - -,1970,38,34.20%,31.50%,87.1,4301
Juan Cruz,- - -,390,8,39.40%,,,273
Adam Wainwright,STL,7462,155,29.40%,33.30%,87.6,2233
Brian Sanches,- - -,558,18,48.40%,,,2739
Andy Pettitte,NYY,1623,38,32.90%,,,840
Jarlin Garcia,- - -,1147,38,38.20%,36.50%,88.6,18282
Spencer Strider,ATL,204,4,39.80%,37.00%,89.2,27498
Jared Burton,- - -,831,18,38.60%,,,8346
Hisashi Iwakuma,SEA,3574,115,32.70%,34.70%,88.6,13048
Jose Valverde,- - -,1033,23,40.40%,,,1726
Tyler Thornburg,- - -,1200,33,43.10%,39.50%,89.1,10688
Aaron Crow,KCR,980,28,31.30%,,,10149
Grant Dayton,- - -,432,19,53.00%,32.00%,87.4,11203
Luis Avilan,- - -,1491,23,28.50%,22.80%,84,2882
Brad Boxberger,- - -,1775,57,41.00%,34.10%,87.7,10133
Alex Wilson,- - -,1368,31,35.00%,32.90%,87.7,9239
Mychal Givens,- - -,1750,51,39.90%,31.40%,86.6,10430
Nate Jones,- - -,1373,40,34.10%,41.00%,90.4,4696
Jerry Blevins,- - -,1827,45,43.20%,28.40%,85.7,7841
Joakim Soria,- - -,2394,54,35.90%,31.90%,87.1,6941
Hector Neris,- - -,1830,61,40.40%,36.50%,88.6,11804
Drew Storen,- - -,1844,38,35.10%,30.80%,87,6983
Ramon Ramirez,- - -,876,16,40.30%,,,7986
Burke Badenhop,- - -,1647,23,25.80%,41.90%,90.8,9736
Zack Wheeler,- - -,4624,97,30.60%,31.00%,86.2,10310
Dallas Braden,OAK,854,19,40.90%,,,8099
Jose Alvarez,- - -,1802,39,31.80%,30.00%,86.3,5358
Blake Parker,- - -,1436,50,40.30%,36.50%,88.6,5224
Chris Devenski,- - -,1274,40,43.60%,30.50%,87.3,12763
Kyle Hendricks,CHC,5309,148,32.10%,30.60%,86.6,12049
Seth Lugo,NYM,1893,55,34.80%,34.30%,88,12447
Josh Edgin,NYM,544,13,38.40%,28.50%,86.4,10796
Hector Rondon,- - -,1819,50,32.40%,33.40%,87.9,2391
James Karinchak,CLE,366,10,40.80%,39.80%,89.3,20151
Kyle Farnsworth,- - -,908,17,32.90%,,,278
Lance Lynn,- - -,6733,154,35.40%,32.80%,87.8,2520
Alexi Ogando,- - -,2110,53,40.20%,34.60%,88.5,10261
Brandon Kintzler,- - -,1990,47,24.00%,37.90%,88.2,9939
Tim Hudson,- - -,4401,84,24.50%,34.10%,90.4,921
Blake Snell,- - -,2973,78,36.50%,33.30%,87.8,13543
Luis Garcia,HOU,972,32,41.80%,38.40%,88.5,23735
Sam LeCure,CIN,1346,31,34.40%,41.00%,88.9,4664
Tim Stauffer,- - -,1784,41,28.80%,46.10%,88.1,6432
Louis Coleman,- - -,1164,36,44.10%,26.60%,86.4,9720
Gio Gonzalez,- - -,7624,148,32.40%,32.10%,87.6,7448
Daniel Castano,MIA,281,7,30.90%,37.40%,87.5,19805
Cory Luebke,- - -,814,18,37.10%,18.80%,84.9,1984
Kyle Finnegan,WSN,515,14,30.40%,38.80%,89.2,15009
Scott Atchison,- - -,1136,25,30.60%,38.60%,89.7,2642
Eric Yardley,- - -,238,6,21.60%,38.00%,87.6,15538
Michael Kohn,- - -,506,14,55.10%,11.10%,84,8505
Ryan Tepera,- - -,1334,39,38.30%,33.00%,87.2,10291
Brent Suter,MIL,1474,45,32.90%,27.00%,85,13942
Adam Warren,- - -,2053,56,34.90%,30.90%,87.7,9029
Tony Barnette,- - -,607,14,32.60%,32.50%,87.1,3555
Tom Wilhelmsen,- - -,1619,33,35.00%,30.50%,87.9,9975
Addison Reed,- - -,1911,53,43.00%,34.80%,88.1,10586
Donovan Hand,- - -,299,10,32.50%,37.50%,90.7,8728
Edward Mujica,- - -,1555,57,36.80%,38.50%,89.6,3970
Dominic Leone,- - -,1419,40,35.50%,37.60%,88.6,13763
Fernando Rodney,- - -,2602,42,27.80%,30.00%,86.7,494
Kirby Yates,- - -,1181,40,42.00%,36.00%,87.5,9073
Chris Bassitt,- - -,2688,67,36.80%,33.00%,87.4,12304
Yu Darvish,- - -,5660,171,37.60%,34.50%,87.6,13074
Joe Beimel,- - -,685,23,38.20%,40.10%,88.3,979
Matt Lindstrom,- - -,1088,15,29.40%,,,4604
Will Smith,- - -,2176,68,38.60%,35.30%,88.3,8048
Brad Brach,- - -,2351,57,38.50%,31.60%,87.5,6627
Ryne Stanek,- - -,1119,37,47.50%,40.60%,90.4,15947
Adam Liberatore,LAD,367,6,34.30%,31.50%,88.6,10637
Framber Valdez,HOU,1698,34,15.90%,40.20%,89.8,17295
Kyle Crick,- - -,817,15,38.40%,24.50%,85.6,13182
Gregory Infante,CHW,288,4,41.50%,30.60%,88,9119
Jhan Marinez,- - -,596,12,28.00%,37.60%,88.5,5830
Stephen Fife,LAD,400,12,28.50%,,,8077
Codi Heuer,- - -,373,8,33.60%,37.60%,87.5,23293
Ryan Brasier,- - -,666,21,42.40%,40.30%,89.5,5615
Adam Ottavino,- - -,2504,55,34.10%,30.60%,85.9,1247
Matt Bush,TEX,720,22,37.80%,32.40%,87.6,1246
Tyler Matzek,- - -,1037,16,33.70%,36.40%,89.2,10058
Lance McCullers Jr.,HOU,2822,53,25.60%,35.30%,88.8,14120
Sonny Gray,- - -,5457,131,28.70%,36.20%,88.2,12768
Ryan Cook,- - -,955,17,34.80%,33.30%,88.8,8855
Jered Weaver,- - -,5719,184,46.80%,30.60%,87.6,4235
Sam Freeman,- - -,1026,17,28.50%,28.60%,86.4,6832
Yimi Garcia,- - -,1046,43,46.50%,33.50%,88.2,12095
Mitch White,LAD,313,9,35.90%,36.20%,88.7,19225
Ian Anderson,ATL,973,25,30.90%,38.40%,88.2,19951
Bill Bray,CIN,356,9,51.50%,,,8538
James Paxton,- - -,3130,81,35.00%,38.30%,89.4,11828
Mat Latos,- - -,4579,109,37.30%,34.90%,88.4,3815
Alex Wood,- - -,4423,102,29.00%,33.80%,88,13781
Peter Moylan,- - -,1007,22,23.40%,31.30%,86.9,4891
C.J. Wilson,- - -,4857,90,32.10%,41.60%,90.1,3580
Tim Collins,- - -,1050,24,42.40%,28.90%,86.1,3164
Joel Peralta,- - -,1505,52,52.40%,27.10%,87.6,2332
Lucas Luetge,- - -,779,15,34.20%,29.90%,86.1,8337
Mitchell Boggs,- - -,961,19,28.50%,,,3344
Tommy Layne,- - -,640,8,26.50%,29.40%,86.7,7501
Heath Bell,- - -,1204,23,32.90%,,,2080
Jake McGee,- - -,2276,66,42.00%,40.90%,89.9,7550
Kyle Barraclough,- - -,1196,28,35.40%,32.40%,87.7,13713
Cory Gearrin,- - -,1289,23,30.20%,34.80%,87.9,7947
Ernesto Frieri,- - -,1280,42,55.00%,38.20%,90.4,5178
Hong-Chih Kuo,LAD,356,5,48.70%,,,7016
Brad Hand,- - -,2925,72,37.40%,33.60%,87.6,9111
Aaron Nola,PHI,4560,128,31.90%,34.40%,87.9,16149
Alex Claudio,- - -,1455,31,20.30%,31.70%,86.4,12890
John Curtiss,- - -,366,11,38.60%,41.00%,91.6,16128
Josh Collmenter,- - -,2858,88,42.80%,31.10%,86.6,7312
MacKenzie Gore,SDP,230,4,36.90%,43.40%,90.2,22201
Ralph Garza,- - -,234,8,36.40%,39.80%,88.4,17682
Xavier Cedeno,- - -,776,16,27.10%,26.90%,87.1,36
Yonny Chirinos,TBR,952,32,32.90%,35.10%,88.4,16401
Jason Grilli,- - -,1396,41,44.20%,32.50%,88.5,521
Mike MacDougal,- - -,371,4,24.30%,,,612
Jose Mijares,- - -,845,14,43.90%,,,4140
Wesley Wright,- - -,887,21,28.40%,30.40%,90.3,5960
R.A. Dickey,- - -,6800,195,35.20%,31.40%,87.1,1245
Jon Lester,- - -,9128,243,33.10%,32.60%,87.8,4930
Darwinzon Hernandez,BOS,369,6,30.40%,35.10%,87.2,19848
Cal Quantrill,- - -,1491,42,36.00%,33.50%,87.6,19312
Kerry Wood,- - -,467,10,44.60%,,,304
Carl Edwards Jr.,- - -,850,21,37.60%,28.60%,85.1,13607
Johan Santana,NYM,1316,33,44.30%,,,755
Carlos Rodon,- - -,3180,83,37.60%,36.60%,88.7,16137
Andrew Bailey,- - -,793,24,45.30%,32.20%,88.6,1368
Miles Mikolas,- - -,2515,69,30.80%,32.90%,87.6,9803
Jim Henderson,- - -,583,19,44.90%,31.30%,89,6653
Craig Breslow,- - -,1825,46,42.60%,34.90%,88.3,4363
Jarrod Parker,- - -,1591,36,35.40%,,,4913
Andrew Kittredge,TBR,845,27,28.70%,38.20%,88.8,12828
Jenrry Mejia,NYM,813,16,27.00%,27.80%,89,8476
Eduardo Sanchez,- - -,217,4,50.40%,,,2966
Alex Vesia,- - -,284,10,56.10%,35.90%,88.2,25007
Jamey Wright,- - -,1437,18,22.60%,,,715
David Carpenter,- - -,929,22,37.50%,41.10%,91.4,3959
Yoshihisa Hirano,- - -,558,15,34.10%,31.30%,88.3,19756
Logan Gilbert,SEA,833,23,43.50%,46.00%,90.7,22250
Erik Goeddel,- - -,592,18,41.20%,34.90%,89.2,11712
Josh Taylor,BOS,439,9,32.90%,38.10%,87.6,17359
Jose Veras,- - -,1263,28,38.70%,,,2063
Tyler Wells,BAL,485,17,50.90%,38.90%,88.7,20000
Clay Rapada,- - -,272,7,38.40%,,,4831
Neftali Feliz,- - -,1484,44,44.70%,35.40%,88,18
Doug Fister,- - -,5720,129,30.90%,35.80%,87.5,9425
Rafael Betancourt,COL,1019,28,49.90%,32.50%,90.1,177
Marcus Stroman,- - -,4477,103,23.50%,39.60%,89.2,13431
Jake Diekman,- - -,2114,38,30.90%,34.10%,88,5003
Edubray Ramos,PHI,659,18,41.80%,29.00%,86.9,16086
JT Chargois,- - -,541,13,28.00%,36.30%,89.3,13767
Josh Fields,- - -,1135,30,49.20%,36.20%,89.3,5070
Tony Santillan,CIN,286,8,41.90%,38.20%,89.3,19926
Luis Castillo,CIN,3157,89,27.80%,35.70%,87.6,15689
Shawn Kelley,- - -,1741,67,48.90%,35.60%,88.7,7773
Ryan Mattheus,- - -,855,13,26.10%,23.50%,86.9,7169
Jonathan Loaisiga,NYY,703,18,26.90%,30.10%,85.7,19753
Brock Burke,TEX,249,7,36.30%,33.30%,87.6,17968
Matt Guerrier,- - -,929,18,40.10%,,,2061
Lucas Gilbreath,COL,274,6,35.10%,27.80%,85.3,21290
Kyle Crockett,- - -,323,4,24.50%,38.00%,89.3,15033
Masahiro Tanaka,NYY,4299,159,32.40%,36.80%,88.8,15764
Carlos Martinez,STL,4120,81,28.10%,33.60%,87.3,11682
Carlos Marmol,- - -,1197,20,41.00%,,,2790
Juan Oviedo,- - -,678,16,43.40%,,,2886
Jameson Taillon,- - -,2874,80,33.80%,34.70%,88.1,11674
Frankie Montas,- - -,2271,63,33.70%,38.30%,88.5,14309
Pablo Lopez,MIA,1705,46,30.80%,34.10%,87.1,17085
Rowan Wick,- - -,481,5,34.20%,36.40%,87.9,14646
Zach Thompson,- - -,553,17,37.20%,35.30%,87.7,16094
Caleb Ferguson,LAD,500,19,32.80%,34.80%,87.9,19349
Logan Webb,SFG,1363,24,21.20%,39.00%,88.3,17995
Juan Minaya,- - -,766,18,40.00%,37.00%,89.3,10341
Emilio Pagan,- - -,1180,58,53.30%,37.00%,89.2,14771
Adam Kolarek,- - -,612,13,20.60%,33.60%,87.4,10843
Collin McHugh,- - -,3723,99,37.20%,29.70%,86.9,7531
Brad Wieck,- - -,248,10,49.20%,41.70%,91,16390
Jim Miller,- - -,264,10,45.40%,,,7458
Fernando Abad,- - -,1481,43,40.00%,34.00%,88.2,4994
Blaine Hardy,- - -,1240,32,37.70%,33.50%,87.7,6499
Bryan Shaw,- - -,2890,72,28.90%,34.90%,88.3,8110
Matt Harrison,TEX,2208,51,31.80%,39.70%,89.3,5551
Jason Adam,- - -,444,13,51.70%,29.10%,86.7,11861
Tony Sipp,- - -,1942,69,48.00%,30.60%,87.3,8280
Devin Smeltzer,MIN,465,17,42.40%,37.60%,89.1,19487
Jandel Gustave,- - -,323,8,34.10%,36.40%,89.7,14665
Matt Cain,SFG,5049,134,40.20%,36.10%,88.8,4732
Brett Martin,TEX,689,15,25.30%,36.30%,88.7,17369
Ted Lilly,- - -,1896,67,47.90%,,,833
Trevor Bauer,- - -,5463,160,37.90%,36.70%,88.9,12703
Chasen Shreve,- - -,1332,52,41.00%,35.60%,88.2,10855
Matt Reynolds,- - -,733,31,36.90%,25.90%,85.9,8887
J.B. Wendelken,- - -,664,15,38.80%,33.00%,87.6,14506
Sergio Mitre,- - -,381,10,30.00%,,,1773
Julio Teheran,- - -,5829,189,40.80%,34.60%,88.6,6797
Kevin McCarthy,KCR,827,17,21.20%,35.90%,88.1,15240
Matt Belisle,- - -,2341,44,29.70%,31.10%,87,1837
Cam Bedrosian,- - -,1304,31,35.70%,40.20%,89.8,13360
Garrett Richards,- - -,4088,92,29.00%,37.70%,89.1,9784
Joe Musgrove,- - -,3169,94,33.90%,36.40%,87.7,12970
John Means,BAL,1453,66,47.80%,34.60%,87.8,16269
Carlos Carrasco,- - -,5570,160,31.90%,37.00%,88.9,6632
Cody Poteet,MIA,233,9,39.50%,42.20%,91.2,18769
Matt Strahm,- - -,1180,38,40.40%,35.00%,87.5,13799
Henderson Alvarez,- - -,2425,56,24.60%,29.40%,87.9,5669
Jim Johnson,- - -,2387,45,23.90%,34.90%,88.1,3656
Robinson Tejeda,KCR,293,7,52.30%,,,2575
Danny Salazar,CLE,2482,75,37.80%,37.80%,89.9,5867
Jaime Garcia,- - -,4740,106,26.60%,35.50%,88.3,8137
Kyle McClellan,- - -,1037,34,34.10%,,,4845
Daniel Hudson,- - -,3235,83,39.60%,33.90%,87.9,7146
Adrian Houser,MIL,1671,40,24.10%,35.60%,87.1,12718
Bryan Abreu,HOU,327,5,30.50%,36.30%,88.6,16609
Clay Buchholz,- - -,4763,115,34.90%,33.50%,87.8,3543
Jose Quintana,- - -,6837,173,33.70%,36.00%,88.6,11423
Mark Buehrle,- - -,5143,125,35.10%,33.00%,87,225
Tyler Olson,- - -,413,9,34.20%,29.00%,86.5,14741
Joe Savery,- - -,218,5,31.90%,,,2835
Arquimedes Caminero,- - -,681,18,36.10%,34.30%,87.1,8992
Tommy Hunter,- - -,3103,102,35.00%,32.90%,87.4,1157
Michael Bowden,- - -,479,13,47.60%,,,4440
Jonathan Broxton,- - -,1529,32,31.30%,29.40%,87.2,4759
Keynan Middleton,- - -,559,18,44.50%,35.30%,88.6,15264
Jordan Montgomery,NYY,1952,60,36.80%,33.50%,87.2,16511
Daniel Bard,- - -,1387,32,33.70%,40.30%,88.5,7115
Kevin Jepsen,- - -,1509,35,35.20%,40.60%,90.7,6475
Mike Montgomery,- - -,2308,58,25.50%,36.20%,88.4,4869
David Herndon,PHI,508,12,27.30%,,,9264
Scott Oberg,COL,1088,26,26.10%,34.50%,88.5,13911
Rob Scahill,- - -,665,16,25.00%,34.40%,88.8,9286
Tanner Roark,- - -,4833,143,34.70%,33.00%,87.7,8753
Antonio Bastardo,- - -,1573,40,52.00%,30.40%,87.3,8844
David Phelps,- - -,2746,69,35.30%,35.50%,88.4,6316
Dallas Keuchel,- - -,6565,164,22.60%,34.10%,87.3,9434
Steven Wright,BOS,1481,43,36.50%,28.90%,87.4,8185
Chris Archer,- - -,5511,161,35.00%,39.90%,89.7,6345
Jose Urquidy,HOU,1006,40,44.20%,38.10%,89.3,18413
Cristhian Martinez,ATL,743,17,30.90%,,,5337
Liam Hendriks,- - -,2559,72,39.40%,36.00%,89.1,3548
Sean Manaea,- - -,3347,105,35.60%,40.20%,89.8,15873
Clay Hensley,- - -,838,17,35.70%,,,4593
CC Sabathia,NYY,7155,214,32.60%,28.70%,85.9,404
Tommy Kahnle,- - -,1192,30,32.60%,32.90%,88,11384
Wandy Rodriguez,- - -,3282,92,33.80%,38.80%,89.7,2586
Kenta Maeda,- - -,3130,102,36.80%,29.20%,86.4,18498
Nick Wittgren,- - -,1250,40,37.10%,41.80%,90.8,15594
Michael Fulmer,DET,2413,64,32.30%,33.70%,87.8,13218
David Hernandez,- - -,2312,61,44.60%,36.00%,88.8,4259
Ross Stripling,- - -,2459,88,33.50%,35.10%,88.8,13273
John Gant,- - -,1606,34,30.90%,36.90%,88.7,13684
Joe Kelly,- - -,3189,65,26.20%,38.40%,89,9761
Roy Oswalt,- - -,1846,43,35.40%,,,571
Shane Carle,- - -,327,6,28.30%,31.60%,87.9,15258
Junichi Tazawa,- - -,1557,45,38.80%,38.00%,89.3,4079
Taijuan Walker,- - -,3362,109,36.90%,36.60%,89.2,11836
Chaz Roe,- - -,928,19,32.70%,29.00%,87.2,9866
Chasen Bradford,- - -,443,18,33.90%,34.40%,88.6,12452
Yordano Ventura,KCR,2355,54,30.00%,35.30%,89.5,11855
Ervin Santana,- - -,6867,220,38.30%,34.60%,88,3200
Austin Adams,- - -,433,6,37.90%,29.70%,86.2,13801
Brett Myers,- - -,2222,69,33.80%,,,962
Charlie Morton,- - -,6517,133,25.90%,33.60%,87.6,4676
Dan Haren,- - -,4955,165,41.30%,33.40%,88.2,1757
Hector Velazquez,BOS,712,18,32.80%,35.20%,88.4,19341
John Schreiber,- - -,224,6,33.60%,41.00%,88.9,20020
Chad Billingsley,- - -,2494,39,32.90%,39.70%,89.7,5842
John Axford,- - -,2271,50,30.10%,36.00%,88.6,9059
Jordan Hicks,STL,619,7,19.60%,30.90%,87.3,19618
Drew Pomeranz,- - -,3668,110,36.10%,34.60%,88.5,11426
Josh Roenicke,- - -,824,17,34.90%,,,3241
Matt Albers,- - -,2197,61,28.60%,30.50%,86.7,4300
Fernando Salas,- - -,2051,57,43.00%,33.70%,89.1,4971
Miguel Batista,- - -,856,17,33.20%,,,46
Archie Bradley,- - -,2067,44,29.80%,37.80%,88.8,12918
Robbie Ross Jr.,- - -,1439,25,25.10%,32.30%,86,6819
A.J. Achter,- - -,267,13,41.70%,28.70%,87.1,11387
David Pauley,- - -,774,21,32.50%,,,3625
Shawn Tolleson,- - -,924,31,36.70%,39.80%,89,10481
Shaun Marcum,- - -,2626,78,42.60%,36.00%,88.5,6204
Danny Coulombe,- - -,809,21,27.90%,34.30%,88.6,13293
Trever Miller,- - -,252,4,42.10%,,,1672
Jake Odorizzi,- - -,4950,158,45.30%,35.80%,89,6397
Jeffrey Springs,- - -,783,27,41.50%,34.40%,87.2,17677
Freddy Peralta,MIL,1573,40,45.10%,35.20%,88.1,18679
Marc Rzepczynski,- - -,1631,29,21.80%,32.50%,87.8,6612
Shawn Camp,- - -,1040,26,31.00%,,,1855
Jose Alvarado,- - -,914,12,26.20%,36.70%,87.8,17780
Danny Farquhar,- - -,1150,30,36.50%,31.70%,87.3,8501
Trevor Rogers,MIA,949,20,36.10%,36.00%,87.8,22286
Oliver Perez,- - -,1757,40,41.00%,26.80%,86.8,1514
Alex Cobb,- - -,4418,116,26.40%,38.60%,89,6562
Wade Davis,- - -,4049,102,39.40%,32.40%,87.5,7441
Justin Dunn,SEA,446,16,49.10%,40.50%,90.5,19268
James Hoyt,- - -,445,15,35.60%,36.10%,88.8,14605
Danny Duffy,KCR,4974,144,42.00%,35.10%,88.7,3542
James Pazos,- - -,557,17,30.70%,35.60%,88.3,13323
Dillon Tate,BAL,584,12,25.70%,35.70%,87,17796
Nestor Cortes,- - -,1031,47,47.90%,34.60%,88.4,17874
Patrick Sandoval,LAA,951,29,30.00%,36.90%,87,19447
Roenis Elias,- - -,1685,45,36.50%,34.10%,88.1,12673
Michael Pineda,- - -,4077,135,37.00%,37.80%,89.2,5372
Jose Cisnero,- - -,773,17,37.50%,36.30%,87.9,6399
Brandon Morrow,- - -,2786,65,38.50%,38.40%,89.7,9346
Zack Littell,- - -,650,26,36.70%,42.60%,89.5,15823
Brooks Brown,COL,251,5,27.50%,32.70%,88.4,5679
Pierce Johnson,- - -,545,13,41.40%,36.60%,88.7,13435
David Purcey,- - -,413,7,44.60%,,,8360
Kevin Gausman,- - -,5300,160,35.20%,36.90%,88.4,14107
Carlos Torres,- - -,2033,58,33.60%,29.70%,86.4,7624
Yohan Ramirez,SEA,248,12,58.30%,33.10%,87.3,19444
Charlie Furbush,- - -,1093,30,38.40%,29.30%,85.3,1370
Dustin Moseley,- - -,804,24,32.70%,,,7060
Tom Gorzelanny,- - -,2007,50,40.10%,36.40%,90,6244
Brusdar Graterol,- - -,405,6,23.10%,29.20%,86.1,20367
Zach Plesac,CLE,1591,61,38.70%,40.40%,89.9,19979
Colin Poche,TBR,299,14,58.40%,36.60%,88.6,19403
Daniel Schlereth,DET,338,11,41.00%,,,8739
Dan Winkler,- - -,683,19,37.30%,29.70%,86.4,12237
Mike Dunn,- - -,1879,46,43.40%,28.50%,87.2,9948
Boone Logan,- - -,1372,38,36.30%,29.40%,86.5,5525
Jake Arrieta,- - -,6755,181,30.20%,32.70%,87.7,4153
Ryan Thompson,TBR,355,11,31.00%,37.20%,86.6,16647
Ryan Vogelsong,- - -,3751,93,36.00%,33.80%,88.4,1011
Jarred Cosart,- - -,1690,26,25.20%,36.30%,89.2,10304
Sergio Santos,- - -,788,18,36.30%,45.80%,91,4734
Javy Guerra,- - -,1325,29,37.30%,39.10%,89.6,7407
Octavio Dotel,- - -,759,18,47.70%,,,555
Marco Gonzales,- - -,3092,103,37.80%,35.70%,88.1,15467
Hisanori Takahashi,- - -,1023,29,43.00%,,,10091
Jimmy Herget,- - -,335,9,35.70%,34.60%,88.6,17556
Tommy Hanson,- - -,2473,68,41.10%,,,9129
Robbie Ray,- - -,4792,170,39.10%,40.30%,89.9,11486
Jordan Norberto,- - -,341,8,40.60%,,,8432
Michael King,NYY,551,13,33.00%,38.70%,87.8,19853
Art Warren,- - -,214,6,42.40%,36.70%,88.4,18251
Tony Cingrani,- - -,1419,47,41.30%,32.90%,88.7,12555
Michael Stutes,PHI,363,8,48.30%,,,6550
Joba Chamberlain,- - -,1181,30,30.60%,30.60%,88.2,2692
Aaron Barrett,WSN,322,3,30.60%,37.20%,88.2,11243
Dinelson Lamet,SDP,1316,43,41.20%,36.00%,88.2,17186
James Shields,- - -,7772,262,36.40%,35.60%,88.6,7059
Clayton Mortensen,- - -,584,20,35.00%,,,3166
Jumbo Diaz,- - -,715,24,36.80%,33.50%,87.7,3397
Kyle Lohse,- - -,4406,125,38.10%,33.10%,88.5,739
Clay Holmes,- - -,792,12,18.10%,36.50%,88.1,13649
Matt Bowman,- - -,774,14,24.90%,26.80%,85.6,13528
Brandon Workman,- - -,1410,38,34.10%,40.80%,89.7,11428
Jeff Karstens,PIT,1565,51,37.70%,,,5879
Hoby Milner,- - -,475,19,36.60%,32.20%,84.8,13346
Tim Mayza,TOR,737,21,26.20%,34.40%,87.5,15042
Logan Ondrusek,- - -,1202,35,37.10%,45.50%,90.2,3677
Scott Linebrink,- - -,486,17,42.10%,,,564
Jose Contreras,- - -,377,7,32.10%,,,1660
Tim Byrdak,- - -,484,11,46.30%,,,1995
Michael Wacha,- - -,4637,136,32.60%,35.00%,88.2,14078
Jon Niese,- - -,4975,128,28.70%,33.50%,88.8,4424
Phil Bickford,- - -,302,11,37.40%,39.10%,90.3,18519
John Lackey,- - -,5659,168,35.70%,35.00%,88.7,1507
Ian Kennedy,- - -,7632,263,42.30%,38.30%,89.7,6986
Dan Altavilla,- - -,494,16,43.10%,34.90%,88.2,16507
Hansel Robles,- - -,1786,56,42.20%,36.50%,89.3,11801
Jordan Zimmermann,- - -,6375,185,36.90%,35.70%,88.8,4505
Jose Torres,SDP,298,13,46.60%,39.50%,89.6,14957
Tyson Ross,- - -,3855,73,25.60%,34.30%,87.9,7872
Brandon McCarthy,- - -,3560,90,30.10%,30.20%,87.4,4662
Robby Scott,- - -,243,10,46.70%,23.90%,84.8,13042
Tyler Glasnow,- - -,1686,55,34.20%,38.00%,89.3,14374
Lou Trivino,OAK,1064,25,33.60%,32.90%,87.1,15043
Brandon Cumpton,- - -,443,3,28.40%,83.30%,93.7,11366
Kyle Ryan,- - -,921,24,26.20%,39.10%,88.9,11753
Brad Keller,KCR,2433,52,28.30%,38.50%,89.1,15734
Kendall Graveman,- - -,2336,65,27.90%,38.10%,89.2,15514
Preston Claiborne,- - -,320,8,39.70%,50.00%,88.7,10500
Brandon Lyon,- - -,815,14,39.80%,,,1312
Dylan Cease,CHW,1604,52,39.50%,37.70%,88.8,18525
Mike Leake,- - -,7693,238,28.50%,38.20%,89.2,10130
Chris Young,- - -,2412,97,55.60%,32.50%,87.8,3196
Tim Hill,- - -,761,20,25.10%,33.80%,87.5,16814
Vidal Nuno,- - -,1595,65,43.30%,31.30%,87.8,9674
Junior Guerra,- - -,2189,66,36.40%,34.10%,88,5702
Miguel Gonzalez,- - -,3755,123,40.30%,34.10%,88.4,7024
Cesar Ramos,- - -,1440,35,34.10%,34.00%,88.2,3357
Steve Delabar,- - -,838,26,44.30%,35.00%,89.2,11827
Josh Beckett,- - -,2744,87,38.10%,,,510
Dennis Santana,- - -,462,9,31.00%,33.00%,86.7,17878
Beau Brieske,DET,247,13,43.60%,43.40%,89.3,26079
Luis Garcia,- - -,1659,35,25.70%,37.20%,88.7,6984
Mike Fiers,- - -,4852,184,39.40%,35.50%,88.5,7754
Kameron Loe,- - -,961,30,23.50%,,,4422
Micah Owings,- - -,457,12,46.00%,,,4253
Chris Ray,- - -,373,7,42.50%,,,6315
Brett Anderson,- - -,4093,95,23.10%,38.80%,89.2,8223
Rex Brothers,- - -,1425,35,33.90%,40.70%,90.2,9794
Eric Stults,- - -,2282,65,37.60%,33.60%,88.4,8011
Michael Lorenzen,- - -,2304,57,28.40%,33.00%,87.1,14843
Ryan Burr,CHW,320,12,31.30%,44.10%,91.3,17536
Justin De Fratus,PHI,850,16,35.40%,35.80%,90.5,4955
Anibal Sanchez,- - -,7071,196,36.90%,31.90%,87.5,3284
Pete Fairbanks,- - -,405,9,34.50%,38.50%,89.3,17998
James Russell,- - -,1430,43,44.00%,25.50%,88,4089
Vance Worley,- - -,2894,67,32.10%,33.10%,88.5,6435
Alfredo Aceves,- - -,1142,34,42.00%,,,5164
Chris Martin,- - -,895,26,28.50%,40.20%,89.7,11847
Dillon Gee,- - -,3662,111,35.80%,30.70%,87,7396
David Aardsma,- - -,514,19,44.80%,39.20%,90.1,1902
Kevin Chapman,HOU,248,5,37.50%,16.30%,84.4,11240
Zach McAllister,- - -,2563,69,39.50%,38.30%,89.4,2895
Jason Isringhausen,- - -,398,13,40.50%,,,1158
Noe Ramirez,- - -,1159,44,41.00%,33.70%,87.9,12800
Jose Ruiz,- - -,627,21,40.50%,43.00%,90.1,14552
Randall Delgado,- - -,2315,67,37.40%,33.60%,87.2,5985
Anthony Bass,- - -,1950,49,30.90%,34.60%,88,7982
Andrew Cashner,- - -,5109,130,31.90%,36.50%,89,8782
Jhoulys Chacin,- - -,6027,152,32.30%,35.80%,88.3,2608
Jon Garland,- - -,1370,35,31.60%,,,232
Brandon Finnegan,- - -,1121,43,36.60%,35.50%,88.3,16208
Everett Teaford,- - -,465,19,34.20%,25.00%,83.5,3732
Jeff Samardzija,- - -,6606,198,36.50%,34.10%,88.3,3254
Gavin Floyd,- - -,2838,72,34.50%,32.50%,89.2,3886
Sammy Long,SFG,276,7,44.10%,35.90%,88.4,25379
Francisco Cordero,- - -,782,20,35.70%,,,1243
Paolo Espino,- - -,731,30,42.20%,39.90%,88.9,8246
Brad Peacock,- - -,2390,79,42.60%,34.50%,87.9,5401
Ricky Romero,TOR,2668,64,28.10%,,,3403
Jeff Niemann,TBR,1461,45,36.50%,,,8591
Jimmy Nelson,- - -,2856,69,30.30%,32.00%,87.1,10547
Jason Vargas,- - -,6028,183,41.60%,32.00%,87.2,8044
Michael Gonzalez,- - -,722,20,39.60%,,,1794
Hector Santiago,- - -,4136,145,48.60%,37.20%,89.4,4026
Jose Berrios,- - -,3911,123,37.70%,35.20%,87.9,14168
Cody Stashak,MIN,301,8,51.50%,40.10%,89.6,18088
Nathan Eovaldi,- - -,5174,135,32.60%,37.80%,89.1,9132
Miguel Castro,- - -,1635,47,32.90%,34.00%,87.2,15684
Matt Garza,- - -,5081,140,36.10%,33.50%,88,3340
Zach Davies,- - -,3844,114,32.30%,33.90%,87.8,13183
Jeremy Hellickson,- - -,5338,184,39.50%,32.70%,88.1,4371
Merrill Kelly,ARI,1894,59,35.10%,38.90%,89.2,11156
Anthony DeSclafani,- - -,3530,120,36.20%,36.50%,88.9,13050
Wade Miley,- - -,6864,175,28.90%,33.30%,87.3,8779
Jake Peavy,- - -,4212,123,43.40%,35.10%,88.9,1051
Luis Cessa,- - -,1453,54,33.30%,36.30%,88.2,13345
Aaron Sanchez,- - -,2834,70,27.40%,40.00%,89.6,11490
Brett Cecil,- - -,2817,79,36.40%,34.50%,88.4,2660
Bailey Ober,MIN,521,22,46.80%,39.60%,89.2,21224
Trevor Stephan,CLE,391,17,43.00%,40.20%,88.8,19932
Jalen Beeks,- - -,883,22,31.50%,33.40%,87.6,17192
Nick Masset,- - -,959,18,30.60%,42.90%,91.1,7267
T.J. McFarland,- - -,2026,42,20.00%,39.80%,89.4,3237
Bartolo Colon,- - -,5827,183,36.80%,37.30%,89.3,375
Francisco Liriano,- - -,6277,143,30.10%,31.20%,87.2,3201
Alex Sanabia,FLA,606,18,43.20%,,,5350
Evan Scribner,- - -,694,27,40.20%,39.20%,89.4,7525
Mike Minor,- - -,5544,186,41.60%,33.60%,87.5,10021
Ryan Dempster,- - -,3270,93,36.30%,,,517
Jon Rauch,- - -,783,22,45.00%,,,1475
Brian Fuentes,- - -,588,17,47.00%,,,429
Drew Smyly,- - -,3701,146,43.20%,35.60%,88.2,11760
Yovani Gallardo,- - -,6437,173,32.10%,35.70%,88.5,8173
J.J. Hoover,- - -,1235,45,46.10%,32.00%,87.1,9037
Eduardo Rodriguez,- - -,3818,111,37.80%,30.90%,86.8,13164
Cory Rasmus,- - -,530,18,47.80%,29.50%,89,2413
Nate Adcock,- - -,541,14,28.20%,29.80%,89.3,3282
Scott Rice,NYM,279,2,18.90%,,,2743
Ross Wolf,- - -,263,6,27.40%,,,4534
Jake Woodford,STL,456,15,36.10%,42.50%,90.1,18674
Guillermo Mota,SFG,652,17,40.60%,,,1467
Wei-Yin Chen,- - -,4485,156,40.10%,33.80%,88.1,13071
Nick Goody,- - -,661,28,50.10%,34.40%,88.1,13685
A.J. Burnett,- - -,4952,116,28.70%,39.10%,89.8,512
Evan Marshall,- - -,840,20,27.70%,34.10%,88,12297
Shelby Miller,- - -,3320,86,38.00%,33.50%,88.5,10197
Aaron Civale,CLE,1202,44,36.60%,36.60%,88,19479
Chris Paddack,- - -,1365,52,37.40%,39.50%,89.4,20099
Chase Anderson,- - -,3947,150,40.60%,30.70%,87.2,6895
Wandy Peralta,- - -,1135,32,27.90%,30.70%,86.1,14295
Kyle Funkhouser,DET,379,9,28.60%,37.30%,88.2,19456
Jorge De La Rosa,- - -,4003,109,30.60%,34.80%,87.9,2047
Matt Barnes,BOS,1767,50,35.20%,37.20%,89.5,12863
Evan Reed,DET,250,4,24.70%,,,1349
Brandon Gomes,TBR,709,24,49.00%,34.40%,89.2,2267
Tim Lincecum,- - -,4669,114,31.70%,39.80%,90.4,5705
Trevor Cahill,- - -,5687,143,26.30%,35.20%,88.2,6249
Carter Capps,- - -,632,17,36.10%,31.90%,88.5,12803
Kyle Freeland,COL,3174,95,31.80%,34.90%,87.7,16256
Eury De la Rosa,ARI,220,7,42.20%,,,4055
Brandon Brennan,- - -,240,8,29.20%,35.70%,88.8,13527
Patrick Corbin,- - -,6234,191,30.00%,38.70%,89.4,9323
Ben Sheets,- - -,718,24,37.20%,,,710
Eric Lauer,- - -,2014,69,39.20%,37.40%,89.4,19316
Vicente Padilla,- - -,643,21,39.60%,,,964
Derek Law,- - -,800,20,32.30%,34.80%,88.9,13133
Nick Tropeano,- - -,1030,40,44.10%,35.00%,89.4,12385
Jesse Hahn,- - -,1342,24,27.10%,32.20%,87.8,13287
Carlos Silva,CHC,480,11,32.60%,,,973
Scott Kazmir,- - -,3553,105,38.20%,33.30%,87,4897
Steve Geltz,- - -,429,22,54.30%,42.50%,90.7,8402
Tanner Scheppers,TEX,797,24,34.50%,25.90%,86.9,10267
Triston McKenzie,CLE,916,41,50.30%,41.50%,90,18000
David Peterson,NYM,687,19,30.50%,38.20%,88.7,20302
Cory Wade,NYY,328,13,41.70%,,,7570
J.A. Happ,- - -,7204,235,39.50%,36.40%,88.8,7410
Luke Jackson,- - -,1205,30,28.70%,37.90%,89.5,11752
Yoan Lopez,- - -,457,21,33.30%,43.20%,91.8,17181
Matt Shoemaker,- - -,2762,100,38.90%,36.60%,88.4,4776
Joey Lucchesi,- - -,1423,50,35.30%,37.10%,88.7,19320
Carlos Zambrano,- - -,1796,35,34.00%,,,305
Marco Estrada,- - -,5124,194,49.70%,31.00%,87.6,1118
Anthony Swarzak,- - -,2513,75,37.60%,36.50%,88.9,7466
Jake Petricka,- - -,1049,19,21.00%,35.50%,88.9,10534
Scott Baker,- - -,1707,60,45.90%,38.20%,90.7,6176
Dane de la Rosa,- - -,360,6,27.60%,,,10095
Spencer Turnbull,DET,1168,19,30.20%,40.50%,89.9,16207
Dustin McGowan,- - -,1291,46,35.90%,33.50%,87.4,8600
Tim Dillard,MIL,283,6,27.70%,,,5518
Gregory Soto,DET,756,19,35.60%,40.50%,90.8,19677
Todd Redmond,- - -,732,22,50.00%,45.10%,91.9,9943
Jason Berken,- - -,580,20,36.50%,,,5673
Dan Runzler,- - -,299,3,29.20%,35.70%,84.4,4080
Brian Duensing,- - -,2917,71,33.50%,30.10%,86.7,4064
Joe Ross,WSN,1907,59,34.20%,34.90%,87.7,12972
Steve Johnson,- - -,328,11,51.00%,33.80%,89.2,4053
Travis Wood,- - -,4240,120,43.90%,34.90%,89.1,9884
Todd Coffey,- - -,611,13,35.50%,,,2467
Colby Lewis,TEX,4205,142,45.80%,35.20%,89.1,1259
Carl Pavano,MIN,2129,56,31.90%,,,790
John King,TEX,374,8,20.30%,41.90%,89.5,22051
Duane Below,- - -,331,8,34.60%,,,3124
Zach Pop,MIA,264,3,24.60%,33.00%,85.9,20185
Oliver Drake,- - -,870,24,30.30%,33.90%,87.8,8823
Paul Maholm,- - -,3294,71,27.60%,,,8678
Victor Alcantara,DET,340,14,31.20%,40.60%,88.8,15028
Casey Fien,- - -,1145,45,44.80%,36.80%,88.6,3926
Aaron Harang,- - -,4259,117,41.30%,36.90%,90.2,1451
Tarik Skubal,DET,1087,50,41.10%,43.00%,90.1,22267
James McDonald,- - -,1911,50,41.80%,,,5523
Wily Peralta,- - -,3899,109,29.00%,37.40%,89.3,7738
Fernando Rodriguez,- - -,978,23,44.60%,29.20%,87.5,7558
Phil Coke,- - -,1533,23,33.20%,31.90%,90.4,5535
Dustin Nippert,TEX,262,7,41.30%,,,4426
Pedro Villarreal,CIN,311,11,37.10%,30.60%,87.7,9904
Casey Mize,DET,790,32,34.90%,40.40%,89.2,20492
Chris Resop,- - -,817,18,35.80%,,,3799
Louis Head,- - -,245,6,54.90%,33.70%,88.8,13259
Lucas Giolito,- - -,3047,116,39.80%,36.50%,88.4,15474
Tyler Lyons,- - -,1187,40,36.70%,34.70%,87.7,11334
Nathan Karns,- - -,1361,47,36.40%,37.10%,89.2,12638
Ty Buttrey,LAA,491,12,30.60%,39.00%,89.4,14719
Ryan Dull,- - -,704,29,46.30%,33.90%,88.4,13974
Pedro Beato,- - -,401,7,38.20%,0.00%,72.8,1330
Carlos Villanueva,- - -,2644,84,39.80%,35.90%,88.8,4138
Chad Gaudin,- - -,1048,29,40.00%,,,1783
Dereck Rodriguez,- - -,969,35,36.60%,36.50%,89.3,14509
Jay Jackson,- - -,242,9,41.70%,38.50%,90.3,7432
Zach Duke,- - -,2437,56,27.60%,30.80%,87.1,3840
Jaime Barria,LAA,1420,59,42.10%,37.60%,89.4,18356
Tyler Alexander,DET,921,36,41.40%,38.80%,88.7,17735
Hideki Okajima,- - -,270,7,38.70%,,,7763
Ronald Belisario,- - -,1147,16,19.10%,26.90%,88.4,2203
Danny Barnes,TOR,514,17,50.00%,32.30%,88.5,11388
Steven Matz,- - -,3292,122,32.80%,37.70%,88.7,13361
Daniel Ponce de Leon,STL,636,21,45.00%,32.80%,88,16110
Travis Blackley,- - -,655,22,34.90%,,,3234
Heath Hembree,- - -,1516,65,46.40%,36.50%,88.6,11632
Jon Heasley,KCR,239,10,42.70%,47.70%,90.8,22224
Sean Gilmartin,- - -,486,16,37.50%,29.60%,87,12781
A.J. Griffin,- - -,2006,94,48.70%,35.80%,88.2,11132
Bronson Arroyo,- - -,4072,166,38.70%,30.90%,88.6,978
Jake Westbrook,- - -,2943,55,23.50%,,,412
Will Ohman,- - -,530,18,38.20%,,,296
Elvis Araujo,PHI,285,5,35.40%,32.60%,87.7,12854
Guillermo Moscoso,- - -,892,27,53.10%,,,5106
Scott Feldman,- - -,4090,114,31.40%,28.10%,86.6,6283
Brett Oberholtzer,- - -,1408,41,40.10%,39.10%,89.7,3855
Aaron Ashby,MIL,377,10,22.80%,32.20%,87.5,23550
Manny Acosta,NYM,577,17,37.70%,,,8725
Henry Rodriguez,- - -,667,9,35.50%,,,6371
Erasmo Ramirez,- - -,3003,111,36.50%,36.50%,88.9,10314
Tyler Mahle,CIN,2462,85,37.30%,36.20%,88.6,16358
Jair Jurrjens,- - -,1435,40,39.30%,,,5556
Chris Capuano,- - -,3085,95,37.70%,38.30%,89.3,1701
Chad Kuhl,- - -,2197,66,35.90%,38.20%,89.3,14975
Livan Hernandez,- - -,1939,47,38.20%,,,1116
Ryan Yarbrough,TBR,2211,66,37.20%,27.20%,84.8,16502
Samuel Deduno,- - -,1376,30,22.60%,32.80%,91.6,5285
Ivan Nova,- - -,5778,185,30.30%,38.20%,89.6,1994
Carlos Monasterios,LAD,399,15,38.50%,,,2506
Jonathan Holder,NYY,761,21,44.00%,31.80%,87.3,16588
Trevor Williams,- - -,2866,92,35.60%,33.20%,87.4,16977
Justin Masterson,- - -,4284,75,25.10%,35.80%,88.8,2038
Stolmy Pimentel,- - -,232,6,43.40%,27.80%,88.3,6415
Sean Newcomb,- - -,1715,43,34.80%,32.90%,87.9,16943
Dane Dunning,- - -,983,25,27.70%,40.30%,88.4,19409
Jesse Chavez,- - -,3901,132,36.70%,36.80%,88.8,5448
Frank Francisco,- - -,684,19,39.10%,,,1933
Tom Koehler,- - -,3368,94,35.60%,35.20%,88.8,6570
Cole Irvin,- - -,1232,38,37.40%,38.70%,88.8,19244
Trevor May,- - -,1664,54,42.00%,35.00%,88.7,6398
Mark Lowe,- - -,953,32,39.80%,34.70%,88.9,7416
Tyler Skaggs,- - -,2219,63,35.00%,37.70%,88.9,10190
Zach Braddock,MIL,233,3,50.40%,,,4553
Brian Flynn,- - -,827,16,28.50%,37.50%,90.2,12027
Kevin Quackenbush,- - -,892,24,37.30%,37.40%,89.3,12360
Jackson Stephens,- - -,388,15,33.80%,30.90%,86.1,14420
Freddy Garcia,- - -,2089,75,37.50%,,,1077
Homer Bailey,- - -,5158,152,33.60%,40.10%,89.5,8362
Dan Wheeler,- - -,457,17,45.10%,,,120
Trevor Richards,- - -,1657,59,42.50%,37.90%,88.9,19309
Javier Vazquez,- - -,1481,53,46.50%,,,801
Michael Ynoa,CHW,275,4,43.30%,33.50%,88.6,14093
Matt Harvey,- - -,4099,124,34.70%,36.70%,89,11713
Francisco Rodriguez,LAA,268,7,35.30%,,,6688
John Lannan,- - -,1948,38,26.50%,,,7080
Michael Tonkin,MIN,645,25,37.30%,40.80%,90.1,10315
Kyle Gibson,- - -,6068,165,27.00%,36.60%,88.4,10123
German Marquez,COL,3765,121,28.90%,39.30%,89.5,15038
T.J. House,- - -,526,11,17.00%,33.80%,89.3,9121
Justin Steele,CHC,534,17,28.40%,34.30%,87.4,17312
Blaine Boyer,- - -,1281,26,28.80%,30.40%,87.4,2237
David Hale,- - -,1197,32,29.60%,35.20%,88.7,9756
Rick Porcello,- - -,8192,237,32.60%,35.80%,88.5,2717
Tyler Kinley,- - -,769,21,39.70%,35.30%,88.6,18297
Jonathan Pettibone,PHI,484,11,28.80%,,,7106
Harrison Musgrave,COL,232,7,42.90%,37.30%,89.5,16532
Tyler Chatwood,- - -,3845,88,24.80%,34.80%,87.8,4338
Chris Seddon,- - -,242,6,34.60%,,,3833
Bud Norris,- - -,5055,147,36.90%,37.20%,89.6,9492
Tyler Anderson,- - -,2932,105,38.50%,30.70%,86.6,12880
Will Vest,- - -,255,4,31.30%,41.10%,89.4,19769
Eli Morgan,CLE,502,24,50.60%,40.70%,89.1,20203
Jake Barrett,- - -,420,16,39.20%,39.60%,89.9,13322
Neil Ramirez,- - -,789,33,51.10%,34.90%,89,7677
Clayton Richard,- - -,4665,127,25.60%,36.60%,89,3551
Erik Bedard,- - -,2103,56,40.50%,,,126
Derek Holland,- - -,5704,194,37.70%,38.90%,89.2,4141
Jason Hammel,- - -,6117,185,36.80%,36.40%,89,4538
Joel Pineiro,LAA,1265,31,29.90%,,,1094
Josh Stinson,- - -,219,8,33.50%,,,3219
Blake Wood,- - -,1270,29,28.80%,35.00%,88.5,1345
Edinson Volquez,- - -,5353,125,30.70%,34.30%,88.5,3990
Joe Saunders,- - -,3534,109,33.60%,,,4366
Chad Qualls,- - -,1709,44,25.40%,36.00%,88.3,2170
Anthony Misiewicz,SEA,376,10,38.00%,44.10%,90.5,18152
Taylor Jordan,WSN,421,6,25.50%,43.30%,90.7,10466
Ian Krol,- - -,925,29,31.80%,31.20%,87.7,10066
Rubby de la Rosa,- - -,1817,62,32.40%,32.60%,88.6,3862
Buddy Boshers,- - -,459,13,34.00%,33.20%,88.1,8490
Alfredo Simon,- - -,3285,96,33.10%,38.80%,89.5,2155
Bruce Chen,- - -,2845,91,46.70%,46.70%,88,769
Jeremy Guthrie,- - -,4994,163,38.30%,35.30%,89,2072
Michael Blazek,- - -,570,20,40.40%,31.90%,87.4,9654
Jerad Eickhoff,- - -,1992,81,40.60%,36.40%,89,12664
Scott Diamond,- - -,1478,41,29.00%,60.00%,94.6,5089
Simon Castro,- - -,228,8,44.60%,39.60%,90.5,9243
Tyler Gilbert,ARI,230,11,43.90%,37.60%,89.5,17964
Carlos Frias,LAD,485,11,26.70%,32.70%,88,3547
Luis Perez,TOR,490,12,27.40%,,,6389
Marcus Walden,BOS,457,11,26.10%,37.80%,90.2,8004
Brandon Cunniff,ATL,225,6,40.90%,35.30%,89.2,11509
Daniel Webb,CHW,498,9,28.70%,40.20%,88.4,10558
Juan Gutierrez,- - -,841,28,42.40%,,,3265
Kevin Gregg,- - -,1090,28,39.20%,53.10%,91,1793
Edgmer Escalona,COL,427,16,47.50%,,,8574
Wade LeBlanc,- - -,3681,137,40.90%,34.70%,87.8,5221
Shane Greene,- - -,2018,58,34.10%,35.00%,88,10756
Ross Detwiler,- - -,2882,87,33.50%,38.40%,89.1,2859
Jeanmar Gomez,- - -,2425,62,29.10%,32.60%,87.9,9033
Aaron Laffey,- - -,1026,27,31.20%,15.40%,82,6248
Martin Perez,- - -,5177,133,28.80%,35.00%,88,6902
Ryan Borucki,- - -,680,18,34.10%,35.70%,88.8,16350
Sammy Solis,WSN,555,14,33.90%,30.50%,88.2,11457
Albert Suarez,SFG,490,15,31.70%,33.10%,87.9,6175
A.J. Cole,- - -,905,39,47.00%,32.00%,88.1,11467
Mike Foltynewicz,- - -,3537,136,39.60%,36.60%,88.8,10811
Chris Tillman,BAL,4623,149,38.40%,36.40%,89.7,5279
Randy Wolf,- - -,2812,84,38.40%,41.00%,89,976
Luis Patino,- - -,421,15,48.70%,38.40%,89.3,22815
Ubaldo Jimenez,- - -,5928,151,34.60%,34.40%,88.5,3374
Domingo German,NYY,1441,63,40.90%,37.70%,88.8,17149
Deolis Guerra,- - -,710,27,41.60%,33.60%,86.8,8410
Reynaldo Lopez,- - -,2490,90,44.30%,35.80%,88.6,16400
Zach Eflin,PHI,2755,103,36.00%,34.40%,87.7,13774
Taylor Jungmann,MIL,633,15,33.80%,33.30%,88,13119
Chad Durbin,- - -,947,32,39.00%,,,1442
Paul Sewald,- - -,1006,34,48.20%,34.40%,88.3,13892
Bo Schultz,- - -,277,11,30.80%,40.10%,89.7,5028
Chris Heston,- - -,837,19,26.50%,36.30%,88.5,10302
Sean Poppen,- - -,263,5,31.00%,40.50%,89.2,19583
Roberto Hernandez,- - -,3536,99,28.40%,35.60%,88.4,3273
John Danks,CHW,4150,126,38.50%,31.60%,87.8,6329
Nick Ramirez,- - -,485,16,32.60%,30.50%,86.8,12575
Jimmy Cordero,- - -,364,8,22.90%,31.30%,85.8,15690
Koda Glover,WSN,234,5,37.30%,30.00%,87.1,17695
Franklin Morales,- - -,1690,53,37.20%,31.80%,87.8,5088
Matthew Festa,SEA,228,10,44.40%,32.20%,88.1,19330
Dan Straily,- - -,3434,143,46.30%,36.20%,88.9,9460
Brayan Villarreal,- - -,331,7,45.00%,,,5180
Jon Gray,- - -,3823,111,31.20%,38.10%,88.7,14916
Chase Whitley,- - -,719,20,38.30%,33.80%,88.1,10982
Tyler Cravy,MIL,309,8,41.90%,32.60%,88.6,10770
Mike Morin,- - -,957,21,38.80%,29.70%,86.5,13442
Matt Moore,- - -,4361,129,41.20%,37.40%,89.3,1890
Matt Grace,- - -,772,20,26.30%,36.60%,88.3,11449
Tommy Milone,- - -,4000,158,39.80%,32.10%,87.4,7608
Brady Singer,KCR,1038,30,29.00%,38.70%,88.8,25377
Duane Underwood Jr.,- - -,548,17,30.80%,42.80%,89.5,14677
Phil Hughes,- - -,4682,172,44.30%,41.00%,90.6,7450
Nelson Figueroa,- - -,536,13,38.30%,,,683
Rafael Dolis,- - -,454,8,30.80%,30.50%,86.7,4185
Andrew Albers,- - -,612,27,36.20%,36.00%,88.5,7853
Adbert Alzolay,CHC,666,30,34.00%,37.90%,89.1,17859
Alan Busenitz,MIN,247,12,45.00%,41.00%,89.8,15239
Luke Hochevar,KCR,2712,80,36.20%,29.10%,87.4,6943
Jonathan Sanchez,- - -,1658,48,41.30%,,,7507
Jeff Locke,- - -,2937,72,28.80%,31.70%,88.2,2929
Brad Thomas,DET,363,5,34.30%,,,757
Tyler Duffey,MIN,1955,64,31.20%,42.40%,90.3,13758
Manny Parra,- - -,1315,32,31.40%,32.70%,89.2,4279
Scott Carroll,CHW,745,15,25.90%,26.40%,87.4,888
Phil Maton,- - -,1077,32,36.50%,30.50%,86.7,18064
Robert Gsellman,- - -,1610,42,30.40%,34.60%,87.3,13696
Jharel Cotton,- - -,887,38,48.50%,28.80%,86.7,13654
Parker Bridwell,- - -,543,26,41.30%,36.10%,88.4,11502
Daniel Mengden,- - -,1303,42,39.20%,36.90%,89.2,16980
Cody Eppley,- - -,245,6,19.20%,,,9095
Blake Beavan,SEA,1233,46,40.90%,,,338
Kevin Millwood,- - -,1753,52,37.40%,,,106
Wander Suero,WSN,788,21,38.80%,34.80%,88.8,15855
Joe Blanton,- - -,3181,114,35.60%,34.30%,87.9,4849
Adalberto Mejia,- - -,693,18,39.60%,35.40%,87.7,13188
Ricky Nolasco,- - -,5694,165,35.30%,37.90%,89.2,3830
Chris Stratton,- - -,1859,53,33.30%,35.80%,89.1,13761
Miguel Socolovich,- - -,373,10,40.20%,29.50%,86.9,6697
Justin Miller,- - -,739,30,45.90%,37.50%,89.4,8580
Logan Verrett,- - -,643,25,36.10%,33.30%,88.7,12905
Randy Wells,CHC,1569,43,34.70%,,,4535
Luke Bard,- - -,297,14,44.80%,34.00%,88.1,14288
Gonzalez Germen,- - -,640,17,38.20%,34.40%,88.9,5876
Alex Meyer,- - -,424,11,36.50%,33.10%,87.7,12833
Andrew Heaney,- - -,2748,115,39.90%,38.60%,89.1,15423
Vin Mazzaro,- - -,1284,31,33.90%,33.30%,89,5231
Matt Magill,- - -,680,28,41.30%,43.80%,90.7,3950
Yohan Pino,- - -,340,10,46.60%,53.00%,90.5,6955
Eddie Bonine,DET,303,7,33.60%,,,5890
Matt Andriese,- - -,2181,76,34.30%,40.60%,90.4,12022
Jakob Junis,- - -,2420,98,36.40%,38.70%,89.5,13619
Matt Wisler,- - -,2131,77,44.10%,35.20%,88.8,12804
Joely Rodriguez,- - -,530,9,24.60%,32.40%,86.3,11487
Josh James,HOU,461,18,45.70%,35.00%,88.3,16794
Taylor Widener,ARI,433,20,47.40%,43.60%,89.4,19266
Brian Ellington,MIA,466,10,48.10%,30.30%,87.8,17233
Blake Hawksworth,- - -,628,21,32.50%,,,8963
Marcos Mateo,- - -,304,13,44.00%,32.40%,86.4,6869
Chris Hatcher,- - -,1161,39,38.00%,34.50%,88.1,3299
Chris Rusin,- - -,2026,55,26.30%,33.20%,87.7,9895
Justin Nicolino,MIA,876,24,32.50%,35.80%,89,11754
Jeremy Hefner,NYM,964,29,36.50%,,,1989
Kanekoa Texeira,- - -,312,3,27.00%,,,334
Nick Martinez,- - -,2102,79,38.50%,34.40%,87.9,12730
D.J. Carrasco,- - -,573,14,33.20%,,,1666
Felix Pena,- - -,1117,39,36.10%,36.70%,88.7,13403
Sean Reid-Foley,- - -,466,15,40.10%,38.50%,88.6,17034
Andrew Suarez,SFG,855,31,27.90%,37.90%,89.6,18300
J.C. Romero,- - -,349,8,29.50%,,,754
Daniel Stumpf,- - -,493,16,37.60%,32.70%,88.2,13780
Chan Ho Park,- - -,278,9,37.20%,,,1267
James Kaprielian,OAK,726,32,46.80%,41.40%,90,18331
Cionel Perez,- - -,317,12,34.00%,43.90%,91.2,19614
Ryne Harper,- - -,483,18,39.00%,34.10%,87.1,12680
Tylor Megill,NYM,553,25,38.70%,39.30%,89.6,21318
Matt Peacock,- - -,420,14,22.90%,44.70%,89.9,20339
Andrew Triggs,- - -,742,24,31.60%,37.60%,89.6,13533
Ryan Perry,- - -,464,9,40.80%,,,8799
Jeff Manship,- - -,818,22,33.10%,28.60%,87.3,6865
Shawn Armstrong,- - -,810,29,42.50%,36.00%,88.2,12857
Trevor Bell,- - -,428,4,34.10%,,,7074
Kyle Kendrick,- - -,4262,137,35.60%,37.10%,89.1,6230
Phillips Valdez,- - -,446,10,26.90%,33.30%,87.3,15605
Tanner Scott,- - -,831,20,26.20%,37.80%,89.2,17586
Justin Shafer,- - -,251,9,44.20%,34.30%,88.1,16132
Chris Flexen,- - -,1398,43,39.40%,38.30%,89.2,13896
Jake Faria,- - -,887,30,40.60%,38.40%,88.9,13699
Alex Burnett,- - -,759,14,33.20%,,,4065
Kyle Wright,ATL,670,20,31.70%,38.80%,89.1,19665
Matt Foster,CHW,402,16,45.20%,40.60%,89.2,19647
Robert Stock,- - -,329,6,33.20%,37.80%,89.1,6576
Adam Conley,- - -,1889,56,39.80%,33.90%,88.1,14457
Caleb Smith,- - -,1776,80,52.10%,33.70%,87.6,14875
Juan Nicasio,- - -,3143,83,33.70%,31.40%,87.9,7731
JC Ramirez,- - -,1244,46,31.40%,35.60%,88.2,8302
Nick Tepesch,- - -,1043,34,34.00%,44.00%,89.2,11716
Luis Mendoza,KCR,1213,29,28.60%,,,3126
Nick Hagadone,CLE,506,14,43.30%,22.60%,86.6,1351
Kevin Ginkel,ARI,304,12,42.20%,32.30%,87.9,19876
Manny Corpas,- - -,657,19,36.20%,,,2807
Mike Pelfrey,- - -,4415,102,31.60%,37.50%,88.4,5203
Frank Herrmann,- - -,582,21,44.90%,46.90%,91.1,7960
Austin Gomber,- - -,1222,39,35.60%,34.60%,88.2,16561
Ariel Miranda,- - -,934,49,51.30%,35.10%,88.3,17526
Josiah Gray,- - -,598,33,51.90%,37.40%,88.5,24580
Pat Venditte,- - -,312,10,47.70%,29.00%,87,7108
Griffin Canning,LAA,899,36,43.10%,35.00%,88.7,19867
Jacob Barnes,- - -,1082,31,30.40%,35.20%,88.3,12323
Jake Buchanan,- - -,289,7,19.10%,38.70%,88.4,10962
Felipe Paulino,- - -,1269,26,37.50%,,,3777
Brad Lincoln,- - -,974,32,38.60%,,,4241
Brian Johnson,BOS,767,27,42.50%,35.90%,88.9,14272
Yency Almonte,- - -,617,20,35.40%,33.80%,87.7,15068
Dylan Bundy,- - -,3526,149,42.20%,35.00%,88.5,12917
Justin Anderson,LAA,458,9,34.80%,33.90%,88,16201
Barry Zito,- - -,2517,73,40.80%,31.00%,86,944
Jose Urena,- - -,3048,93,32.40%,36.40%,88.7,11589
Paul Blackburn,OAK,915,23,26.70%,39.30%,87.8,14739
Josh Fleming,TBR,671,18,24.00%,35.90%,87.8,20418
Cody Anderson,CLE,681,23,34.20%,35.40%,88.6,12799
Erik Swanson,SEA,491,27,45.70%,38.60%,90.2,16587
Johan Oviedo,STL,465,13,32.20%,38.80%,88.4,22487
Darin Downs,- - -,385,7,37.20%,,,5903
Josh Outman,- - -,799,18,35.50%,,,4004
Steven Brault,PIT,1551,38,33.50%,35.60%,88.7,15291
Josh Tomlin,- - -,4453,197,40.00%,35.00%,88.6,9388
Josh Lindblom,- - -,906,29,44.00%,37.60%,89.3,7882
Daniel Norris,- - -,2337,83,37.40%,41.00%,90.2,13475
Derek Lowe,- - -,2351,45,22.20%,,,199
Andy Sonnanstine,TBR,507,21,36.20%,,,7667
Austin Davis,- - -,520,17,37.30%,34.70%,88,17117
Stefan Crichton,- - -,411,9,32.80%,42.90%,89.9,16058
Adam Morgan,- - -,1587,65,39.30%,35.50%,88.3,12580
Ben Lively,- - -,523,18,42.80%,31.80%,86.3,14932
Lucas Harrell,- - -,2046,42,25.50%,31.90%,89.1,7541
Antonio Senzatela,COL,2749,72,27.60%,40.20%,89.4,15488
Alfredo Figaro,- - -,423,18,33.40%,,,8404
Kevin Correia,- - -,3622,112,32.90%,38.00%,91.6,1767
Sam Selman,- - -,264,9,50.30%,26.20%,85.4,13397
Silvino Bracho,ARI,390,17,47.80%,28.50%,88.4,15051
Chris Narveson,- - -,1631,50,39.20%,34.90%,87.6,2141
Brian Burres,PIT,422,13,42.30%,,,3425
Paul Fry,- - -,788,15,23.70%,33.50%,87.7,15832
Jose Dominguez,- - -,243,7,33.70%,34.90%,87.8,11571
Luke French,SEA,371,13,51.40%,,,7529
Jerome Williams,- - -,2615,84,31.00%,35.20%,88.3,1137
Rodrigo Lopez,- - -,1338,55,39.60%,,,150
Luke Weaver,- - -,1847,61,36.50%,37.60%,88.8,16918
Alec Mills,- - -,1078,39,31.60%,39.50%,88.1,13834
Trent Thornton,TOR,1047,38,39.40%,40.20%,88.9,17948
Edwin Jackson,- - -,5620,167,34.60%,35.60%,88.8,1841
Kevin Slowey,- - -,1484,46,46.60%,,,9918
Jake Newberry,KCR,315,15,44.80%,43.30%,90.1,15136
Carlos Estevez,COL,1185,39,37.50%,39.30%,89.7,14542
Austin Pruitt,- - -,935,31,33.10%,34.80%,88.8,15290
Travis Lakins Sr.,- - -,391,10,35.90%,38.90%,90.1,18600
Justin Berg,CHC,239,4,28.30%,,,1973
Braxton Garrett,MIA,278,8,29.40%,40.10%,89.3,21844
Jose Ramirez,- - -,540,13,43.80%,32.20%,87.8,10171
Jairo Diaz,- - -,483,13,29.70%,40.50%,89.8,12774
Trevor Gott,- - -,695,21,36.50%,34.30%,88.8,15046
Robbie Erlin,- - -,1435,43,33.20%,35.70%,88.5,10354
Bobby Jenks,- - -,311,4,25.00%,,,8645
Jake Thompson,PHI,523,20,37.20%,34.70%,88.2,14371
Robert Stephenson,- - -,1213,49,42.70%,35.70%,89.2,13594
Kohl Stewart,- - -,332,8,26.70%,43.80%,89.9,15502
Jesus Tinoco,- - -,225,16,35.30%,38.70%,88.8,16300
Kris Bubic,KCR,937,36,32.30%,40.30%,88.7,21455
Joel De La Cruz,ATL,276,10,34.40%,36.70%,89.2,12825
Rafael Montero,- - -,1405,36,34.70%,30.20%,86.2,12760
Sam Gaviglio,- - -,1270,55,33.90%,38.30%,88.6,12778
Felix Doubront,- - -,2266,63,35.10%,33.50%,89.6,1478
Paul Clemens,- - -,755,35,44.40%,42.50%,90.8,8037
Sam Coonrod,- - -,370,10,31.40%,35.70%,87.1,17264
Ramon Troncoso,- - -,474,16,30.60%,,,4685
Ryan Garton,- - -,275,11,36.10%,36.20%,88.2,14016
Jose Quijada,- - -,311,13,40.10%,46.20%,88.4,19200
Colin Rea,- - -,673,19,32.80%,40.30%,90.2,12317
Alex Young,- - -,799,37,35.90%,38.20%,89.1,18333
Dave Bush,- - -,962,38,41.00%,,,4635
Dario Agrazal,PIT,321,15,39.50%,29.80%,87.3,15821
JT Brubaker,PIT,1061,43,35.40%,36.20%,88.3,17578
Mike Bolsinger,- - -,1022,34,30.70%,37.40%,88.6,11137
Vince Velasquez,- - -,2997,118,42.10%,37.80%,89.6,11189
Zack Godley,- - -,2473,73,30.00%,37.40%,89.1,14862
Brian Moehler,HOU,249,5,35.90%,,,480
Neil Wagner,- - -,234,7,32.70%,,,8162
Nick Pivetta,- - -,2760,105,38.10%,37.60%,89.4,15454
Luke Farrell,- - -,390,17,47.50%,37.90%,89.4,15101
Jordan Smith,CIN,273,10,33.20%,,,9515
Zach Neal,- - -,351,15,32.40%,32.70%,87.2,11294
Randy Dobnak,MIN,546,15,21.60%,47.10%,89.7,23798
Taylor Clarke,- - -,871,39,40.90%,40.10%,90.1,17611
Daniel McCutchen,- - -,696,22,42.90%,,,263
Brian Matusz,- - -,2139,73,44.40%,30.50%,88.4,2646
Sam Demel,ARI,288,9,29.80%,,,868
Ryan Franklin,STL,397,16,38.20%,,,1076
Donnie Veal,- - -,231,6,35.30%,55.60%,92.3,4741
Jesse Litsch,TOR,519,17,34.80%,,,3688
Dusty Hughes,- - -,314,7,41.30%,,,6164
Matthew Boyd,- - -,3374,142,44.80%,33.30%,87.9,15440
David Huff,- - -,1181,43,39.60%,25.50%,87.1,4257
Josh Sborz,- - -,358,12,39.00%,42.40%,91.6,18323
Drew Hutchison,- - -,2211,71,39.60%,36.30%,89,10732
Yusei Kikuchi,- - -,1825,77,33.20%,42.20%,90.5,20633
Lucas Sims,- - -,838,29,44.70%,32.40%,87.3,13470
Tim Adleman,CIN,818,42,46.20%,34.10%,88,10968
Tyler Webb,- - -,526,15,39.10%,34.80%,86.9,14974
Taylor Cole,- - -,376,5,24.10%,33.30%,87.1,11964
Warwick Saupold,DET,487,15,32.70%,35.70%,88.7,13211
Collin Balester,- - -,408,17,43.80%,34.00%,90.4,6883
Mike Mayers,- - -,885,32,40.90%,39.20%,89.7,15451
Manny Delcarmen,- - -,234,8,38.10%,,,3180
Daisuke Matsuzaka,- - -,1571,38,45.20%,,,7775
Randy Rosario,- - -,299,9,23.10%,34.90%,90.3,14508
Lance Cormier,- - -,349,11,29.60%,,,4346
Matt Koch,- - -,547,30,37.20%,41.40%,90.4,13420
David Buchanan,PHI,854,24,29.40%,36.00%,90,11176
Jason Marquis,- - -,2158,71,27.00%,34.80%,90.5,105
Adrian Sampson,- - -,845,45,39.50%,45.50%,90.5,13339
Jeff Brigham,MIA,243,10,51.30%,37.00%,88.6,16631
Ross Ohlendorf,- - -,1524,54,44.50%,35.80%,88.4,8268
Tyler Wilson,BAL,633,19,32.00%,38.70%,90.2,12691
Josh Osich,- - -,959,45,32.50%,33.90%,87.5,11528
Albert Abreu,- - -,235,12,35.20%,33.10%,85.5,17485
Joe Biagini,- - -,1461,47,28.00%,33.10%,87.4,13194
Rob Wooten,MIL,292,3,31.00%,41.20%,88.1,8532
Armando Galarraga,- - -,935,40,46.70%,,,4222
Elieser Hernandez,MIA,1186,67,49.60%,35.20%,88.7,16933
Jace Fry,CHW,615,16,27.40%,37.40%,88.6,16159
Riley Smith,ARI,371,11,35.30%,38.90%,89,19826
Colten Brewer,- - -,433,12,24.80%,34.20%,88.6,12997
Mitch Talbot,CLE,995,23,34.60%,,,4961
Carlos Hernandez,KCR,574,15,39.20%,40.20%,89.8,22713
Brandon Bielak,HOU,395,14,36.20%,37.30%,87.6,19866
Esmerling Vasquez,- - -,513,10,45.40%,,,5280
Jesse Biddle,- - -,473,12,24.70%,35.70%,89.3,11437
Heath Fillmyer,KCR,453,17,32.60%,36.40%,89.5,17466
Jacob Waguespack,TOR,425,14,36.50%,35.20%,88.7,18318
Matt Palmer,- - -,236,2,33.50%,,,4457
Cole DeVries,MIN,451,22,47.50%,,,8201
Zac Rosscup,- - -,400,16,40.70%,35.60%,89.1,9419
Brad Bergesen,- - -,1318,44,36.50%,,,8375
J.R. Graham,MIN,292,10,31.30%,37.40%,90.2,12042
Brad Penny,- - -,1288,35,30.70%,,,535
Justin Grimm,- - -,1641,49,35.80%,36.00%,88.8,11720
Dillon Maples,CHC,258,6,25.20%,39.10%,87,14672
Spencer Patton,- - -,446,13,37.40%,33.10%,88,12361
Luis Perdomo,- - -,2005,54,22.80%,39.90%,89.3,14682
Odrisamer Despaigne,- - -,1596,36,30.60%,31.20%,87.1,16017
Jeff Suppan,- - -,589,17,35.60%,,,633
Erick Fedde,WSN,1738,64,29.20%,40.80%,89.3,17425
Tyler Beede,- - -,687,23,32.60%,43.60%,90.7,16981
Enny Romero,- - -,668,19,38.90%,38.10%,90,4001
Jamie Moyer,- - -,714,31,40.20%,,,1091
Aneury Rodriguez,HOU,391,15,52.50%,,,8948
Chad Bettis,COL,2656,79,28.30%,35.10%,88.4,10587
Raul Valdes,- - -,601,20,49.40%,,,1953
Bryan Mitchell,- - -,802,19,25.60%,36.80%,88.9,11479
Ty Blach,- - -,1543,37,30.40%,35.10%,87.7,14361
Chien-Ming Wang,- - -,776,24,26.80%,43.60%,90.6,2074
Trey Wingenter,SDP,299,8,40.90%,38.70%,89.5,17793
Brooks Raley,- - -,552,18,32.40%,23.40%,83.8,10061
Luis Atilano,WSN,385,11,38.50%,,,3802
Yohan Flande,COL,557,19,23.30%,41.40%,90.1,5057
Kenshin Kawakami,ATL,391,10,38.00%,,,9225
Artie Lewicki,- - -,240,5,36.00%,42.50%,90.8,16731
Jesus Luzardo,- - -,850,34,37.20%,38.40%,89.3,19959
Austin Brice,- - -,708,29,34.10%,39.90%,89.1,17237
Fernando Romero,MIN,319,8,31.20%,37.20%,88.8,15885
Jeff Gray,- - -,496,14,31.70%,,,7718
Williams Perez,ATL,747,20,28.40%,40.20%,90.1,11592
Henry Owens,BOS,375,12,49.00%,30.50%,88.3,13143
Jordan Lyles,- - -,5396,182,33.60%,38.50%,89,7593
Jake Brentz,KCR,316,8,33.70%,38.40%,89.5,17783
Kyle Zimmer,KCR,416,9,31.80%,35.70%,88,14169
Rhiner Cruz,- - -,366,10,38.50%,44.40%,88.3,711
Bailey Falter,PHI,226,10,43.90%,36.00%,89,20070
Brian Schlitter,- - -,366,6,22.40%,31.70%,88.1,3599
Cody Reed,- - -,619,23,24.80%,34.20%,88.5,15232
Kyle Lobstein,- - -,562,13,30.50%,36.90%,89,9178
Drew VerHagen,- - -,948,33,31.10%,35.60%,88.4,13424
Ryan Weber,- - -,728,29,27.30%,38.70%,89.6,10160
Amir Garrett,- - -,1189,51,35.20%,37.90%,89,14375
Tim Wakefield,BOS,1287,44,46.10%,,,219
Huascar Ynoa,ATL,525,19,30.40%,43.90%,90.3,20468
Deck McGuire,- - -,233,10,43.90%,40.60%,90.1,11596
Sal Romano,- - -,1227,41,33.60%,35.10%,88.3,13690
Andres Machado,- - -,287,10,35.60%,39.10%,88.9,14681
Henry Sosa,HOU,231,7,37.70%,,,6936
Enyel De Los Santos,- - -,384,15,34.90%,36.10%,88.8,18403
Keegan Akin,BAL,704,26,41.30%,42.00%,89.4,19362
Philip Humber,- - -,1491,47,38.00%,,,8586
George Sherrill,- - -,339,9,36.00%,,,6291
Dillon Peters,- - -,825,30,34.00%,40.90%,89.7,18790
Kyle Drabek,- - -,815,24,30.60%,26.90%,88,4359
Enrique Burgos,ARI,299,7,38.20%,39.30%,89.3,3895
Taylor Hearn,TEX,803,28,40.90%,40.20%,89.8,18325
Austin Bibens-Dirkx,TEX,502,23,38.20%,36.50%,88.3,9559
Dylan Axelrod,- - -,1030,43,38.90%,28.20%,89.8,9303
Chris Volstad,- - -,2329,70,29.70%,38.20%,89.4,9901
Erik Johnson,- - -,534,28,39.60%,48.40%,91.7,12520
Wil Crowe,- - -,738,32,38.00%,34.40%,88.2,19800
Tony Pena,CHW,541,12,34.50%,,,4573
Aaron Heilman,ARI,480,17,41.00%,,,1751
Michael Kirkman,- - -,493,12,38.20%,30.80%,88.5,9877
Dontrelle Willis,- - -,650,12,27.30%,,,1703
Taylor Williams,- - -,451,9,30.50%,40.80%,89.5,14899
Mark Hendrickson,BAL,390,10,33.00%,,,1574
Jeff Francis,- - -,2252,63,33.00%,36.20%,88.1,4684
Michael Feliz,- - -,1084,42,40.70%,39.50%,88.9,11903
Daniel Lynch,KCR,601,18,40.30%,44.80%,90.8,21537
Drew Rucinski,- - -,246,5,33.30%,32.70%,85.6,12499
Griffin Jax,MIN,497,27,49.00%,41.80%,90.4,20253
Sam Howard,- - -,412,17,42.30%,32.50%,87.7,16265
Jefry Rodriguez,- - -,548,19,38.00%,39.00%,89.2,17018
Sam Hentges,CLE,406,12,32.60%,41.80%,89.1,18548
Dana Eveland,- - -,777,14,30.70%,33.30%,87.3,5508
Hector Ambriz,- - -,487,18,38.10%,,,559
Chris Mazza,- - -,357,9,38.30%,35.90%,87.2,14151
Josh Smoker,- - -,370,16,38.30%,33.60%,88,10285
Rich Harden,- - -,793,35,49.00%,,,1772
Brandon Maurer,- - -,1636,47,37.90%,33.00%,87.8,4878
Evan Phillips,- - -,432,11,34.30%,38.80%,89.3,17734
Jacob Turner,- - -,1644,50,33.30%,45.70%,90.9,10185
Christian Friedrich,- - -,1324,35,34.40%,32.50%,88.3,7942
Justus Sheffield,- - -,822,22,29.90%,45.80%,91.8,17285
Jeff Beliveau,- - -,301,13,41.20%,36.80%,90.2,8504
Reid Detmers,LAA,338,16,45.10%,39.20%,89.2,27468
Buck Farmer,- - -,1497,53,38.40%,37.40%,89.1,14814
Gabriel Ynoa,- - -,715,34,38.40%,40.40%,89.8,12938
Adam Plutko,- - -,1177,66,50.20%,35.60%,89,15846
Anthony Banda,- - -,468,12,41.30%,35.60%,87.7,14706
Michael Wuertz,OAK,333,11,38.60%,,,1856
Alec Asher,- - -,527,19,43.20%,29.40%,87.3,13560
Josh Rogers,- - -,389,22,49.50%,41.40%,89.8,18510
Thomas Pannone,TOR,506,20,47.60%,37.30%,89.1,17281
Jairo Asencio,- - -,239,7,34.30%,,,3332
Vladimir Gutierrez,CIN,675,28,42.20%,38.90%,89,19278
Humberto Castellanos,- - -,441,16,38.80%,34.80%,88.8,21183
Jeremy Bonderman,- - -,1000,32,38.70%,,,1667
Aaron Slegers,- - -,385,14,30.70%,36.20%,87.5,15231
Touki Toussaint,ATL,657,24,33.50%,39.30%,89.1,16929
Casey Kelly,- - -,398,10,31.80%,39.40%,89.9,9174
Miguel Diaz,SDP,478,22,39.00%,37.60%,88.7,18815
Chase De Jong,- - -,546,26,48.80%,39.20%,89.8,15036
Anthony Kay,TOR,327,10,30.00%,34.80%,87.5,20387
Braden Shipley,ARI,449,19,35.60%,39.80%,89.7,15158
David Holmberg,- - -,565,30,42.10%,37.10%,87.7,7725
Ryan Weathers,SDP,422,20,37.00%,42.90%,90.2,23796
Joe Jimenez,DET,1042,38,47.10%,37.70%,89.1,15761
Matt Manning,DET,414,11,33.30%,40.70%,91.1,20369
Phil Klein,- - -,251,9,41.10%,36.40%,88.5,12675
Jeremy Accardo,- - -,363,8,34.60%,,,6428
Hector Noesi,- - -,1845,72,41.20%,33.20%,88,3292
Andrew Moore,SEA,263,16,50.20%,41.80%,90.9,17553
Trevor Hildenberger,- - -,591,19,27.40%,32.80%,87.8,17002
John Grabow,CHC,408,14,41.90%,,,1848
Aaron Cook,- - -,1424,35,24.00%,,,1571
Chris Leroux,- - -,299,3,26.50%,,,7645
Scott Olsen,WSN,357,10,34.20%,,,4529
Nick Blackburn,MIN,1818,67,30.90%,,,4270
Mark Leiter,- - -,605,28,31.40%,34.60%,87.1,15551
Jorge Lopez,- - -,1703,61,30.30%,40.70%,89.7,14527
Tanner Rainey,- - -,579,23,45.10%,44.30%,90.6,17610
Barry Enright,- - -,648,34,47.70%,,,2412
Ashton Goudeau,- - -,274,10,34.20%,39.10%,89.6,15139
Christian Bergman,- - -,941,40,39.50%,38.50%,89.4,10925
Chris Smith,- - -,364,18,39.80%,36.20%,88.4,4544
Keyvius Sampson,CIN,439,16,40.50%,36.30%,88.8,10039
Jeff Fulchino,- - -,379,12,36.10%,,,3532
Enerio Del Rosario,- - -,398,4,22.30%,,,4204
Esmil Rogers,- - -,2038,60,31.70%,26.40%,87,6317
Josh A. Smith,- - -,832,32,37.40%,33.50%,87.7,10946
Jose Suarez,LAA,939,39,36.60%,37.20%,88.4,19911
Bruce Zimmermann,BAL,605,34,38.00%,43.10%,91.2,20370
Austin Voth,- - -,823,37,41.60%,37.90%,88.4,15047
Daniel Wright,- - -,264,8,37.60%,34.90%,88.2,15179
Justin Germano,- - -,566,16,36.60%,,,1938
Jimmy Yacabonis,- - -,487,19,40.90%,38.00%,89.4,15157
Kyle Davies,- - -,1120,27,40.80%,12.50%,84.7,3642
Hunter Greene,CIN,305,20,54.90%,36.20%,89.9,22182
Todd Wellemeyer,SFG,265,12,49.20%,,,1709
Jeff Hoffman,- - -,1529,61,39.70%,38.70%,89.1,17432
Mitch Keller,PIT,1053,26,34.60%,39.50%,89.3,17594
Ramon Ortiz,- - -,393,18,40.00%,,,27
Dean Kremer,BAL,414,18,49.00%,44.90%,91.8,19350
Gil Meche,KCR,281,9,37.60%,,,1089
John Ely,LAD,505,14,33.90%,,,6132
Chi Chi Gonzalez,- - -,1206,42,32.20%,38.70%,89,14663
B.J. Rosenberg,PHI,251,9,42.10%,,,7183
Casey Coleman,- - -,820,18,33.30%,,,8270
Bruce Rondon,- - -,641,12,35.50%,32.20%,88.7,5766
Sean Nolin,- - -,272,10,39.70%,35.90%,88.6,11341
Shaun Anderson,- - -,618,20,34.10%,38.20%,88.8,19453
Daulton Jefferies,OAK,243,7,36.90%,37.60%,89.1,19345
Yoshinori Tateyama,TEX,257,12,42.00%,,,11651
Lewis Thorpe,MIN,267,9,34.90%,38.30%,88.2,15906
Thomas Eshelman,BAL,433,25,42.10%,36.80%,89.3,18361
Yacksel Rios,- - -,434,17,37.10%,35.40%,86.5,15007
Tayron Guerrero,- - -,493,15,35.70%,38.90%,89.2,11691
Sean Gallagher,- - -,273,7,38.50%,,,8261
Tyler Bashlor,- - -,276,14,50.80%,36.90%,89.6,15203
Nick Nelson,- - -,316,5,32.80%,35.40%,89.1,20153
Yunesky Maya,WSN,263,7,36.00%,,,11420
Francis Martes,HOU,249,7,35.50%,37.60%,87.8,17303
Eddie Butler,- - -,1204,43,29.50%,36.20%,88.6,13453
Danys Baez,PHI,379,11,30.00%,,,367
Wilmer Font,- - -,672,33,43.30%,39.70%,89.9,5257
Cody Ponce,PIT,245,13,38.80%,36.90%,88.4,17920
Greg Reynolds,- - -,277,11,37.90%,,,5712
Tyrell Jenkins,ATL,237,11,33.50%,37.30%,90.3,11378
Chris Beck,- - -,596,27,36.30%,33.60%,88.2,13418
Logan Allen,- - -,438,17,29.90%,44.70%,90.9,18555
Rony Garcia,DET,258,16,44.40%,51.90%,92.3,20430
P.J. Walters,- - -,604,23,36.50%,,,9557
Kolby Allard,- - -,1003,44,39.70%,38.60%,89.7,18694
Corey Oswalt,NYM,413,19,39.30%,38.10%,89.5,13677
Andre Rienzo,- - -,651,25,33.10%,38.30%,89.9,3507
Manny Banuelos,- - -,391,16,38.50%,41.00%,89.9,5365
Daniel Gossett,OAK,516,26,33.90%,34.70%,88.4,16164
Chris Jakubauskas,- - -,335,11,33.50%,,,7831
Asher Wojciechowski,- - -,906,45,50.40%,34.80%,88.3,10836
Nate Robertson,- - -,460,12,40.40%,,,1620
Ariel Jurado,- - -,803,29,30.60%,44.80%,90.1,17030
Mike Wright Jr.,- - -,1257,45,37.30%,38.10%,89.5,12586
Kyle McGowin,WSN,285,16,43.20%,37.30%,88.2,15071
Glenn Sparkman,- - -,821,33,37.70%,40.00%,90.3,15200
Sean O'Sullivan,- - -,1237,47,39.60%,35.80%,89,9137
Alex White,- - -,696,28,29.70%,,,10054
Jo-Jo Reyes,- - -,675,23,36.60%,70.00%,95.9,5559
Allen Webster,- - -,613,23,34.40%,36.90%,89.6,3993
Burch Smith,- - -,863,33,43.40%,40.30%,89.9,12784
Brock Stewart,- - -,487,26,41.60%,30.10%,86.4,16727
Jordan Yamamoto,- - -,425,19,43.80%,41.80%,90.1,17585
Glenn Otto,TEX,285,7,31.10%,38.50%,89.3,21366
Nick Kingham,- - -,601,29,38.80%,38.40%,89.1,11694
Cesar Valdez,- - -,505,17,27.30%,41.70%,89.8,9013
Nick Margevicius,- - -,493,20,35.30%,37.00%,88.9,20395
Bryan Garcia,DET,318,11,38.90%,43.30%,90.2,19457
Josh Lueke,- - -,397,12,40.30%,,,5722
Bryse Wilson,- - -,684,28,36.90%,42.20%,89.7,19990
Yefry Ramirez,- - -,419,15,40.10%,33.70%,87.7,15655
John Lamb,- - -,588,26,38.30%,30.20%,86.4,8493
David Hess,- - -,953,61,46.40%,41.90%,90.4,16130
Lisalverto Bonilla,- - -,255,10,35.90%,32.50%,86.6,11266
Pat Dean,MIN,300,13,36.40%,40.10%,91.1,11350
Joe Wieland,- - -,236,11,36.60%,41.20%,89.5,6109
Cody Martin,- - -,261,13,38.10%,38.30%,89.8,12182
Jose Valdez,- - -,243,17,44.00%,47.00%,91.9,14470
Brian Bannister,KCR,581,23,36.80%,,,5718
Tyler Cloyd,- - -,511,18,41.60%,34.80%,89.3,8536
Casey Lawrence,- - -,400,14,30.80%,33.80%,86.7,11121
Carson Fulmer,- - -,613,23,40.60%,39.10%,89.3,18311
Ryota Igarashi,- - -,351,6,35.90%,,,10232
Matt Maloney,- - -,234,11,39.80%,,,9920
Austin Adams,- - -,347,12,35.20%,39.60%,91.2,7411
Aaron Brooks,- - -,809,34,36.70%,41.00%,89.8,12272
Dylan Covey,- - -,1191,47,29.40%,38.10%,89.2,14825
Eric Skoglund,KCR,487,19,40.40%,44.50%,91.1,16155
Ryan Rowland-Smith,- - -,543,25,44.20%,,,3245
Eric Surkamp,- - -,464,16,39.50%,32.90%,89.4,2540
Severino Gonzalez,PHI,294,9,44.80%,30.50%,87.9,14697
Joan Adon,WSN,313,9,31.20%,37.50%,88.9,22925
Dovydas Neverauskas,PIT,366,20,36.30%,40.80%,90.2,11604
Zach Stewart,- - -,465,25,30.00%,,,7397
Victor Marte,- - -,339,14,30.40%,,,5158
Brian Tallet,- - -,429,24,47.10%,,,1646
Doug Davis,- - -,415,8,34.50%,,,1244
Anthony Ranaudo,- - -,394,22,48.70%,35.50%,88.9,11424
Chad Bell,DET,329,13,33.20%,42.80%,89.2,10297
Robert Dugger,- - -,371,16,39.80%,43.00%,91,19191
Brad Mills,- - -,331,12,43.80%,45.00%,92.6,4420
Pedro Hernandez,- - -,312,13,38.30%,,,4578
Spenser Watkins,BAL,395,19,38.70%,39.70%,90.8,17489
Spencer Howard,- - -,374,19,40.30%,36.90%,88.8,23252
Geoff Hartlieb,- - -,322,9,27.50%,37.60%,89.7,19558
Peter Lambert,COL,450,20,27.90%,39.60%,89.5,17969
Brett de Geus,- - -,238,6,23.90%,37.80%,89.7,23592
Walker Lockett,- - -,252,12,30.90%,34.20%,88,13804
Edgar Garcia,- - -,260,18,45.10%,38.70%,89.5,19276
Aaron Blair,ATL,343,15,38.10%,36.10%,89.3,14934
Zac Reininger,DET,287,19,36.70%,42.90%,90.4,15285
Mike Zagurski,- - -,264,8,33.80%,83.30%,98.2,9683
Ryan Carpenter,DET,304,20,36.70%,44.20%,89.9,12699
JC Mejia,- - -,254,13,31.20%,45.40%,90.9,20617
